user_automacao03112014_091938361@cnova.com,123456,9177392,
user_automacao03112014_091938611@cnova.com,123456,9177390,
user_automacao03112014_091938892@cnova.com,123456,9177389,
user_automacao03112014_091939344@cnova.com,123456,9177387,
user_automacao03112014_091939765@cnova.com,123456,9177388,
user_automacao03112014_091939984@cnova.com,123456,9177385,
user_automacao03112014_091940171@cnova.com,123456,9177386,
user_automacao03112014_091940280@cnova.com,123456,9177383,
user_automacao03112014_091940639@cnova.com,123456,9177384,
user_automacao03112014_091940779@cnova.com,123456,9177381,
user_automacao03112014_091940982@cnova.com,123456,9177382,
user_automacao03112014_091941091@cnova.com,123456,9177379,
user_automacao03112014_091941279@cnova.com,123456,9177380,
user_automacao03112014_091941513@cnova.com,123456,9177378,
user_automacao03112014_091941825@cnova.com,123456,9177377,
user_automacao03112014_091942152@cnova.com,123456,9177376,
user_automacao03112014_091942324@cnova.com,123456,9177374,
user_automacao03112014_091942464@cnova.com,123456,9177375,
user_automacao03112014_091942761@cnova.com,123456,9177372,
user_automacao03112014_091942854@cnova.com,123456,9177373,
user_automacao03112014_091943026@cnova.com,123456,9177371,
user_automacao03112014_091943166@cnova.com,123456,9177370,
user_automacao03112014_091943494@cnova.com,123456,9177369,
user_automacao03112014_091943665@cnova.com,123456,9177368,
user_automacao03112014_091943884@cnova.com,123456,9177367,
user_automacao03112014_091944305@cnova.com,123456,9177365,
user_automacao03112014_091944570@cnova.com,123456,9177366,
user_automacao03112014_091944742@cnova.com,123456,9177364,
user_automacao03112014_091944867@cnova.com,123456,9177363,
user_automacao03112014_091945241@cnova.com,123456,9177362,
user_automacao03112014_091945397@cnova.com,123456,9177360,
user_automacao03112014_091945491@cnova.com,123456,9177361,
user_automacao03112014_091945725@cnova.com,123456,9177358,
user_automacao03112014_091945834@cnova.com,123456,9177359,
user_automacao03112014_091946005@cnova.com,123456,9177357,
user_automacao03112014_091946146@cnova.com,123456,9177356,
user_automacao03112014_091946286@cnova.com,123456,9177355,
user_automacao03112014_091946442@cnova.com,123456,9177354,
user_automacao03112014_091946551@cnova.com,123456,9177353,
user_automacao03112014_091946661@cnova.com,123456,9177351,
user_automacao03112014_091946770@cnova.com,123456,9177352,
user_automacao03112014_091946895@cnova.com,123456,9177349,
user_automacao03112014_091947066@cnova.com,123456,9177350,
user_automacao03112014_091947207@cnova.com,123456,9177348,
user_automacao03112014_091947347@cnova.com,123456,9177347,
user_automacao03112014_091947519@cnova.com,123456,9177346,
user_automacao03112014_091947690@cnova.com,123456,9177344,
user_automacao03112014_091947831@cnova.com,123456,9177345,
user_automacao03112014_091948018@cnova.com,123456,9177342,
user_automacao03112014_091948127@cnova.com,123456,9177341,
user_automacao03112014_091948283@cnova.com,123456,9177343,
user_automacao03112014_091948423@cnova.com,123456,9177340,
user_automacao03112014_091948579@cnova.com,123456,9177339,
user_automacao03112014_091948720@cnova.com,123456,9177337,
user_automacao03112014_091948829@cnova.com,123456,9177338,
user_automacao03112014_091948969@cnova.com,123456,9177335,
user_automacao03112014_091949079@cnova.com,123456,9177336,
user_automacao03112014_091949297@cnova.com,123456,9177334,
user_automacao03112014_091949453@cnova.com,123456,9177333,
user_automacao03112014_091949656@cnova.com,123456,9177332,
user_automacao03112014_091949874@cnova.com,123456,9177330,
user_automacao03112014_091949999@cnova.com,123456,9177329,
user_automacao03112014_091950155@cnova.com,123456,9177331,
user_automacao03112014_091950342@cnova.com,123456,9177327,
user_automacao03112014_091950576@cnova.com,123456,9177328,
user_automacao03112014_091950685@cnova.com,123456,9177326,
user_automacao03112014_091950888@cnova.com,123456,9177324,
user_automacao03112014_091951122@cnova.com,123456,9177325,
user_automacao03112014_091951325@cnova.com,123456,9177323,
user_automacao03112014_091951637@cnova.com,123456,9177321,
user_automacao03112014_091951824@cnova.com,123456,9177322,
user_automacao03112014_091952011@cnova.com,123456,9177320,
user_automacao03112014_091952152@cnova.com,123456,9177318,
user_automacao03112014_091952277@cnova.com,123456,9177319,
user_automacao03112014_091952620@cnova.com,123456,9177317,
user_automacao03112014_091952729@cnova.com,123456,9177315,
user_automacao03112014_091952838@cnova.com,123456,9177316,
user_automacao03112014_091952963@cnova.com,123456,9177313,
user_automacao03112014_091953103@cnova.com,123456,9177314,
user_automacao03112014_091953228@cnova.com,123456,9177312,
user_automacao03112014_091953431@cnova.com,123456,9177310,
user_automacao03112014_091953774@cnova.com,123456,9177309,
user_automacao03112014_091953868@cnova.com,123456,9177308,
user_automacao03112014_091954133@cnova.com,123456,9177307,
user_automacao03112014_091954273@cnova.com,123456,9177306,
user_automacao03112014_091954383@cnova.com,123456,9177305,
user_automacao03112014_091954601@cnova.com,123456,9177304,
user_automacao03112014_091954773@cnova.com,123456,9177303,
user_automacao03112014_091954913@cnova.com,123456,9177302,
user_automacao03112014_091955178@cnova.com,123456,9177301,
user_automacao03112014_091955506@cnova.com,123456,9177311,
user_automacao03112014_091955709@cnova.com,123456,9177299,
user_automacao03112014_091955911@cnova.com,123456,9177300,
user_automacao03112014_091956130@cnova.com,123456,9177297,
user_automacao03112014_091956317@cnova.com,123456,9177296,
user_automacao03112014_091956457@cnova.com,123456,9177298,
user_automacao03112014_091956567@cnova.com,123456,9177295,
user_automacao03112014_091956754@cnova.com,123456,10170733,
user_automacao03112014_091956847@cnova.com,123456,9177293,
user_automacao03112014_091956972@cnova.com,123456,9177294,
user_automacao03112014_091957175@cnova.com,123456,9177291,
user_automacao03112014_091957284@cnova.com,123456,9177292,
user_automacao03112014_091957456@cnova.com,123456,9177290,
user_automacao03112014_091957643@cnova.com,123456,9177288,
user_automacao03112014_091957783@cnova.com,123456,9177287,
user_automacao03112014_091957924@cnova.com,123456,9177286,
user_automacao03112014_091958049@cnova.com,123456,9177284,
user_automacao03112014_091958283@cnova.com,123456,9177283,
user_automacao03112014_091958392@cnova.com,123456,9177285,
user_automacao03112014_091958579@cnova.com,123456,9177281,
user_automacao03112014_091958673@cnova.com,123456,9177282,
user_automacao03112014_091958797@cnova.com,123456,9177279,
user_automacao03112014_091958953@cnova.com,123456,9177280,
user_automacao03112014_091959047@cnova.com,123456,9177278,
user_automacao03112014_091959234@cnova.com,123456,9177276,
user_automacao03112014_091959343@cnova.com,123456,9177277,
user_automacao03112014_091959484@cnova.com,123456,9177275,
user_automacao03112014_091959640@cnova.com,123456,9177274,
user_automacao03112014_091959765@cnova.com,123456,9177273,
user_automacao03112014_091959921@cnova.com,123456,9177271,
user_automacao03112014_092000108@cnova.com,123456,9177272,
user_automacao03112014_092000264@cnova.com,123456,9177270,
user_automacao03112014_092000420@cnova.com,123456,9177269,
user_automacao03112014_092000701@cnova.com,123456,9177268,
user_automacao03112014_092000826@cnova.com,123456,9177267,
user_automacao03112014_092001060@cnova.com,123456,9177266,
user_automacao03112014_092001216@cnova.com,123456,9177264,
user_automacao03112014_092001387@cnova.com,123456,9177262,
user_automacao03112014_092001543@cnova.com,123456,9177263,
user_automacao03112014_092001699@cnova.com,123456,9177261,
user_automacao03112014_092001808@cnova.com,123456,9177259,
user_automacao03112014_092001918@cnova.com,123456,9177260,
user_automacao03112014_092002089@cnova.com,123456,9177257,
user_automacao03112014_092002276@cnova.com,123456,9177258,
user_automacao03112014_092002386@cnova.com,123456,9177255,
user_automacao03112014_092002542@cnova.com,123456,9177256,
user_automacao03112014_092002698@cnova.com,123456,9177253,
user_automacao03112014_092002838@cnova.com,123456,9177254,
user_automacao03112014_092002963@cnova.com,123456,9177251,
user_automacao03112014_092003072@cnova.com,123456,9177252,
user_automacao03112014_092003275@cnova.com,123456,9177250,
user_automacao03112014_092003415@cnova.com,123456,9177249,
user_automacao03112014_092003524@cnova.com,123456,9177248,
user_automacao03112014_092003680@cnova.com,123456,9177246,
user_automacao03112014_092003790@cnova.com,123456,9177247,
user_automacao03112014_092003946@cnova.com,123456,9177244,
user_automacao03112014_092004102@cnova.com,123456,9177245,
user_automacao03112014_092004523@cnova.com,123456,9177241,
user_automacao03112014_092004710@cnova.com,123456,9177242,
user_automacao03112014_092004913@cnova.com,123456,9177239,
user_automacao03112014_092005006@cnova.com,123456,9177240,
user_automacao03112014_092005225@cnova.com,123456,9177238,
user_automacao03112014_092005474@cnova.com,123456,9177236,
user_automacao03112014_092005677@cnova.com,123456,9177237,
user_automacao03112014_092005911@cnova.com,123456,9177234,
user_automacao03112014_092006067@cnova.com,123456,9177233,
user_automacao03112014_092006348@cnova.com,123456,9177235,
user_automacao03112014_092006473@cnova.com,123456,9177231,
user_automacao03112014_092006660@cnova.com,123456,9177232,
user_automacao03112014_092006785@cnova.com,123456,9177230,
user_automacao03112014_092006925@cnova.com,123456,9177228,
user_automacao03112014_092007112@cnova.com,123456,9177229,
user_automacao03112014_092007253@cnova.com,123456,9177227,
user_automacao03112014_092007378@cnova.com,123456,9177226,
user_automacao03112014_092007612@cnova.com,123456,9177224,
user_automacao03112014_092007736@cnova.com,123456,9177222,
user_automacao03112014_092007846@cnova.com,123456,9177223,
user_automacao03112014_092008376@cnova.com,123456,9177220,
user_automacao03112014_092008516@cnova.com,123456,9177221,
user_automacao03112014_092008657@cnova.com,123456,9177218,
user_automacao03112014_092008828@cnova.com,123456,9177219,
user_automacao03112014_092008984@cnova.com,123456,9177217,
user_automacao03112014_092009156@cnova.com,123456,9177216,
user_automacao03112014_092009749@cnova.com,123456,9177214,
user_automacao03112014_092010030@cnova.com,123456,9177215,
user_automacao03112014_092010232@cnova.com,123456,9177213,
user_automacao03112014_092010388@cnova.com,123456,9177211,
user_automacao03112014_092010685@cnova.com,123456,9177212,
user_automacao03112014_092010888@cnova.com,123456,9177209,
user_automacao03112014_092011106@cnova.com,123456,9177210,
user_automacao03112014_092011309@cnova.com,123456,9177207,
user_automacao03112014_092011418@cnova.com,123456,9177206,
user_automacao03112014_092011605@cnova.com,123456,9177208,
user_automacao03112014_092011808@cnova.com,123456,9177205,
user_automacao03112014_092011964@cnova.com,123456,9177204,
user_automacao03112014_092012073@cnova.com,123456,9177202,
user_automacao03112014_092012229@cnova.com,123456,9177201,
user_automacao03112014_092012354@cnova.com,123456,9177203,
user_automacao03112014_092012463@cnova.com,123456,9177200,
user_automacao03112014_092012666@cnova.com,123456,9177199,
user_automacao03112014_092012806@cnova.com,123456,9177197,
user_automacao03112014_092012916@cnova.com,123456,9177196,
user_automacao03112014_092013087@cnova.com,123456,9177195,
user_automacao03112014_092013243@cnova.com,123456,9177194,
user_automacao03112014_092013368@cnova.com,123456,9177192,
user_automacao03112014_092013477@cnova.com,123456,9177193,
user_automacao03112014_092013867@cnova.com,123456,9177191,
user_automacao03112014_092014101@cnova.com,123456,9177190,
user_automacao03112014_092014320@cnova.com,123456,9177189,
user_automacao03112014_092014522@cnova.com,123456,9177186,
user_automacao03112014_092014866@cnova.com,123456,9177185,
user_automacao03112014_092015053@cnova.com,123456,9177187,
user_automacao03112014_092015552@cnova.com,123456,9177184,
user_automacao03112014_092015786@cnova.com,123456,9177183,
user_automacao03112014_092016004@cnova.com,123456,9177181,
user_automacao03112014_092016488@cnova.com,123456,9177182,
user_automacao03112014_092016722@cnova.com,123456,9177179,
user_automacao03112014_092016847@cnova.com,123456,9177178,
user_automacao03112014_092017034@cnova.com,123456,9177177,
user_automacao03112014_092017174@cnova.com,123456,9177176,
user_automacao03112014_092017284@cnova.com,123456,9177175,
user_automacao03112014_092017518@cnova.com,123456,9177174,
user_automacao03112014_092017830@cnova.com,123456,9177173,
user_automacao03112014_092018610@cnova.com,123456,9177171,
user_automacao03112014_092018766@cnova.com,123456,9177172,
user_automacao03112014_092018968@cnova.com,123456,9177169,
user_automacao03112014_092019171@cnova.com,123456,9177170,
user_automacao03112014_092019343@cnova.com,123456,9177168,
user_automacao03112014_092019702@cnova.com,123456,9177166,
user_automacao03112014_092019873@cnova.com,123456,9177165,
user_automacao03112014_092019982@cnova.com,123456,9177167,
user_automacao03112014_092020185@cnova.com,123456,9177164,
user_automacao03112014_092020326@cnova.com,123456,9177162,
user_automacao03112014_092020482@cnova.com,123456,9177163,
user_automacao03112014_092020872@cnova.com,123456,9177160,
user_automacao03112014_092021168@cnova.com,123456,9177161,
user_automacao03112014_092021371@cnova.com,123456,9177158,
user_automacao03112014_092021480@cnova.com,123456,9177159,
user_automacao03112014_092021932@cnova.com,123456,9177156,
user_automacao03112014_092022042@cnova.com,123456,9177157,
user_automacao03112014_092022213@cnova.com,123456,9177155,
user_automacao03112014_092022338@cnova.com,123456,9177153,
user_automacao03112014_092022931@cnova.com,123456,9177154,
user_automacao03112014_092023102@cnova.com,123456,9177151,
user_automacao03112014_092023243@cnova.com,123456,9177152,
user_automacao03112014_092023399@cnova.com,123456,9177149,
user_automacao03112014_092023758@cnova.com,123456,9177148,
user_automacao03112014_092024038@cnova.com,123456,9177150,
user_automacao03112014_092024148@cnova.com,123456,9177146,
user_automacao03112014_092024382@cnova.com,123456,9177145,
user_automacao03112014_092024491@cnova.com,123456,9177147,
user_automacao03112014_092024647@cnova.com,123456,9177143,
user_automacao03112014_092024834@cnova.com,123456,9177144,
user_automacao03112014_092024959@cnova.com,123456,9177141,
user_automacao03112014_092025536@cnova.com,123456,9177140,
user_automacao03112014_092025723@cnova.com,123456,9177142,
user_automacao03112014_092025832@cnova.com,123456,9177138,
user_automacao03112014_092026051@cnova.com,123456,9177139,
user_automacao03112014_092026222@cnova.com,123456,9177137,
user_automacao03112014_092026441@cnova.com,123456,9177136,
user_automacao03112014_092026644@cnova.com,123456,9177134,
user_automacao03112014_092026956@cnova.com,123456,9177133,
user_automacao03112014_092027424@cnova.com,123456,9177132,
user_automacao03112014_092027767@cnova.com,123456,9177130,
user_automacao03112014_092027985@cnova.com,123456,9177131,
user_automacao03112014_092028126@cnova.com,123456,9177129,
user_automacao03112014_092028250@cnova.com,123456,9177127,
user_automacao03112014_092028360@cnova.com,123456,9177128,
user_automacao03112014_092028547@cnova.com,123456,9177125,
user_automacao03112014_092028703@cnova.com,123456,9177124,
user_automacao03112014_092028828@cnova.com,123456,9177123,
user_automacao03112014_092029030@cnova.com,123456,9177121,
user_automacao03112014_092029155@cnova.com,123456,9177120,
user_automacao03112014_092029280@cnova.com,123456,9177119,
user_automacao03112014_092029686@cnova.com,123456,9177118,
user_automacao03112014_092029998@cnova.com,123456,9177117,
user_automacao03112014_092030122@cnova.com,123456,9177122,
user_automacao03112014_092030278@cnova.com,123456,9177115,
user_automacao03112014_092030434@cnova.com,123456,9177116,
user_automacao03112014_092030559@cnova.com,123456,9177114,
user_automacao03112014_092030856@cnova.com,123456,9177113,
user_automacao03112014_092030980@cnova.com,123456,9177112,
user_automacao03112014_092031183@cnova.com,123456,9177111,
user_automacao03112014_092031370@cnova.com,123456,9177110,
user_automacao03112014_092031573@cnova.com,123456,9177108,
user_automacao03112014_092032197@cnova.com,123456,9177109,
user_automacao03112014_092032307@cnova.com,123456,9177107,
user_automacao03112014_092032463@cnova.com,123456,9177106,
user_automacao03112014_092032650@cnova.com,123456,9177104,
user_automacao03112014_092032884@cnova.com,123456,9177105,
user_automacao03112014_092033165@cnova.com,123456,9177102,
user_automacao03112014_092033383@cnova.com,123456,9177103,
user_automacao03112014_092033570@cnova.com,123456,9177101,
user_automacao03112014_092033742@cnova.com,123456,9177099,
user_automacao03112014_092033991@cnova.com,123456,9177100,
user_automacao03112014_092034179@cnova.com,123456,9177097,
user_automacao03112014_092034350@cnova.com,123456,9177096,
user_automacao03112014_092034459@cnova.com,123456,9177098,
user_automacao03112014_092034927@cnova.com,123456,9177094,
user_automacao03112014_092035146@cnova.com,123456,9177095,
user_automacao03112014_092035239@cnova.com,123456,9177092,
user_automacao03112014_092035364@cnova.com,123456,9177093,
user_automacao03112014_092035614@cnova.com,123456,9177091,
user_automacao03112014_092035785@cnova.com,123456,9177089,
user_automacao03112014_092036113@cnova.com,123456,9177090,
user_automacao03112014_092036316@cnova.com,123456,9177087,
user_automacao03112014_092036472@cnova.com,123456,9177088,
user_automacao03112014_092036643@cnova.com,123456,9177086,
user_automacao03112014_092036815@cnova.com,123456,9177085,
user_automacao03112014_092036987@cnova.com,123456,9177083,
user_automacao03112014_092037111@cnova.com,123456,9177084,
user_automacao03112014_092037299@cnova.com,123456,9177081,
user_automacao03112014_092037470@cnova.com,123456,9177082,
user_automacao03112014_092037767@cnova.com,123456,9177079,
user_automacao03112014_092037938@cnova.com,123456,9177078,
user_automacao03112014_092038188@cnova.com,123456,9177077,
user_automacao03112014_092038344@cnova.com,123456,9177080,
user_automacao03112014_092038453@cnova.com,123456,9177076,
user_automacao03112014_092038640@cnova.com,123456,9177075,
user_automacao03112014_092038859@cnova.com,123456,9177073,
user_automacao03112014_092039171@cnova.com,123456,9177074,
user_automacao03112014_092039514@cnova.com,123456,9177071,
user_automacao03112014_092039779@cnova.com,123456,9177070,
user_automacao03112014_092039935@cnova.com,123456,9177072,
user_automacao03112014_092040294@cnova.com,123456,9177068,
user_automacao03112014_092040481@cnova.com,123456,9177067,
user_automacao03112014_092040746@cnova.com,123456,9177069,
user_automacao03112014_092040918@cnova.com,123456,9177065,
user_automacao03112014_092041074@cnova.com,123456,9177064,
user_automacao03112014_092041339@cnova.com,123456,9177066,
user_automacao03112014_092041495@cnova.com,123456,9177062,
user_automacao03112014_092041698@cnova.com,123456,9177063,
user_automacao03112014_092041963@cnova.com,123456,9177060,
user_automacao03112014_092042150@cnova.com,123456,9177059,
user_automacao03112014_092042400@cnova.com,123456,9177061,
user_automacao03112014_092042634@cnova.com,123456,9177058,
user_automacao03112014_092042743@cnova.com,123456,9177056,
user_automacao03112014_092042993@cnova.com,123456,9177057,
user_automacao03112014_092043180@cnova.com,123456,9177054,
user_automacao03112014_092043351@cnova.com,123456,9177055,
user_automacao03112014_092043476@cnova.com,123456,9177051,
user_automacao03112014_092043585@cnova.com,123456,9177052,
user_automacao03112014_092043804@cnova.com,123456,9177050,
user_automacao03112014_092044038@cnova.com,123456,9177049,
user_automacao03112014_092044303@cnova.com,123456,9177048,
user_automacao03112014_092044537@cnova.com,123456,9177047,
user_automacao03112014_092044677@cnova.com,123456,9177046,
user_automacao03112014_092044911@cnova.com,123456,9177044,
user_automacao03112014_092045379@cnova.com,123456,9177045,
user_automacao03112014_092045598@cnova.com,123456,9177042,
user_automacao03112014_092045723@cnova.com,123456,9177043,
user_automacao03112014_092045847@cnova.com,123456,9177041,
user_automacao03112014_092046035@cnova.com,123456,9177039,
user_automacao03112014_092046175@cnova.com,123456,9177040,
user_automacao03112014_092046315@cnova.com,123456,9177037,
user_automacao03112014_092046518@cnova.com,123456,9177038,
user_automacao03112014_092046690@cnova.com,123456,9177035,
user_automacao03112014_092046955@cnova.com,123456,9177036,
user_automacao03112014_092047158@cnova.com,123456,9177033,
user_automacao03112014_092047298@cnova.com,123456,9177034,
user_automacao03112014_092047563@cnova.com,123456,9177032,
user_automacao03112014_092047766@cnova.com,123456,9177030,
user_automacao03112014_092048063@cnova.com,123456,9177029,
user_automacao03112014_092048203@cnova.com,123456,9177031,
user_automacao03112014_092048343@cnova.com,123456,9177027,
user_automacao03112014_092048453@cnova.com,123456,9177028,
user_automacao03112014_092048733@cnova.com,123456,9177025,
user_automacao03112014_092048921@cnova.com,123456,9177026,
user_automacao03112014_092049139@cnova.com,123456,9177024,
user_automacao03112014_092049295@cnova.com,123456,9177022,
user_automacao03112014_092049498@cnova.com,123456,9177023,
user_automacao03112014_092049716@cnova.com,123456,9177021,
user_automacao03112014_092049857@cnova.com,123456,9177020,
user_automacao03112014_092049950@cnova.com,123456,9177018,
user_automacao03112014_092050106@cnova.com,123456,9177019,
user_automacao03112014_092050278@cnova.com,123456,9177017,
user_automacao03112014_092050418@cnova.com,123456,9177015,
user_automacao03112014_092050668@cnova.com,123456,9177016,
user_automacao03112014_092050933@cnova.com,123456,9177013,
user_automacao03112014_092051105@cnova.com,123456,9177014,
user_automacao03112014_092051339@cnova.com,123456,9177012,
user_automacao03112014_092051541@cnova.com,123456,9177010,
user_automacao03112014_092051885@cnova.com,123456,9177011,
user_automacao03112014_092052165@cnova.com,123456,9177008,
user_automacao03112014_092052399@cnova.com,123456,9177009,
user_automacao03112014_092052587@cnova.com,123456,9177007,
user_automacao03112014_092052789@cnova.com,123456,9177006,
user_automacao03112014_092052992@cnova.com,123456,9177004,
user_automacao03112014_092053133@cnova.com,123456,9177005,
user_automacao03112014_092053257@cnova.com,123456,9177002,
user_automacao03112014_092053413@cnova.com,123456,9177003,
user_automacao03112014_092053663@cnova.com,123456,9177001,
user_automacao03112014_092053913@cnova.com,123456,9176999,
user_automacao03112014_092054037@cnova.com,123456,9177000,
user_automacao03112014_092054162@cnova.com,123456,9176998,
user_automacao03112014_092054303@cnova.com,123456,9176997,
user_automacao03112014_092054443@cnova.com,123456,9176995,
user_automacao03112014_092054646@cnova.com,123456,9176996,
user_automacao03112014_092054911@cnova.com,123456,9176994,
user_automacao03112014_092055098@cnova.com,123456,9176992,
user_automacao03112014_092055223@cnova.com,123456,9176991,
user_automacao03112014_092055379@cnova.com,123456,9176993,
user_automacao03112014_092055613@cnova.com,123456,9176989,
user_automacao03112014_092055738@cnova.com,123456,9176990,
user_automacao03112014_092055941@cnova.com,123456,9176987,
user_automacao03112014_092056065@cnova.com,123456,9176988,
user_automacao03112014_092056237@cnova.com,123456,9176986,
user_automacao03112014_092056377@cnova.com,123456,9176984,
user_automacao03112014_092056611@cnova.com,123456,9176985,
user_automacao03112014_092056767@cnova.com,123456,9176982,
user_automacao03112014_092056892@cnova.com,123456,9176983,
user_automacao03112014_092057064@cnova.com,123456,9176981,
user_automacao03112014_092057220@cnova.com,123456,9176979,
user_automacao03112014_092057360@cnova.com,123456,9176980,
user_automacao03112014_092057641@cnova.com,123456,9176977,
user_automacao03112014_092057813@cnova.com,123456,9176978,
user_automacao03112014_092057953@cnova.com,123456,9176976,
user_automacao03112014_092058125@cnova.com,123456,9176974,
user_automacao03112014_092058265@cnova.com,123456,9176975,
user_automacao03112014_092058390@cnova.com,123456,9176972,
user_automacao03112014_092058499@cnova.com,123456,9176970,
user_automacao03112014_092058608@cnova.com,123456,9176973,
user_automacao03112014_092058733@cnova.com,123456,9176969,
user_automacao03112014_092058858@cnova.com,123456,9176967,
user_automacao03112014_092059045@cnova.com,123456,9176968,
user_automacao03112014_092059185@cnova.com,123456,9176965,
user_automacao03112014_092059341@cnova.com,123456,9176966,
user_automacao03112014_092059575@cnova.com,123456,9176963,
user_automacao03112014_092059763@cnova.com,123456,9176964,
user_automacao03112014_092059965@cnova.com,123456,9176962,
user_automacao03112014_092100137@cnova.com,123456,9176960,
user_automacao03112014_092100387@cnova.com,123456,9176961,
user_automacao03112014_092100543@cnova.com,123456,9176958,
user_automacao03112014_092100714@cnova.com,123456,9176959,
user_automacao03112014_092100855@cnova.com,123456,9176956,
user_automacao03112014_092100964@cnova.com,123456,9176957,
user_automacao03112014_092101120@cnova.com,123456,9176954,
user_automacao03112014_092101307@cnova.com,123456,9176955,
user_automacao03112014_092101432@cnova.com,123456,9176952,
user_automacao03112014_092101588@cnova.com,123456,9176953,
user_automacao03112014_092101744@cnova.com,123456,9176951,
user_automacao03112014_092101869@cnova.com,123456,9176950,
user_automacao03112014_092101978@cnova.com,123456,9176949,
user_automacao03112014_092102103@cnova.com,123456,9176948,
user_automacao03112014_092102212@cnova.com,123456,9176947,
user_automacao03112014_092102368@cnova.com,123456,9176946,
user_automacao03112014_092102493@cnova.com,123456,9176944,
user_automacao03112014_092102649@cnova.com,123456,9176945,
user_automacao03112014_092102758@cnova.com,123456,9176943,
user_automacao03112014_092102898@cnova.com,123456,9176942,
user_automacao03112014_092103007@cnova.com,123456,9176941,
user_automacao03112014_092103148@cnova.com,123456,9176940,
user_automacao03112014_092103257@cnova.com,123456,9176939,
user_automacao03112014_092103476@cnova.com,123456,9176937,
user_automacao03112014_092103647@cnova.com,123456,9176936,
user_automacao03112014_092103788@cnova.com,123456,9176938,
user_automacao03112014_092104084@cnova.com,123456,9176934,
user_automacao03112014_092104271@cnova.com,123456,9176935,
user_automacao03112014_092104505@cnova.com,123456,9176933,
user_automacao03112014_092104661@cnova.com,123456,9176932,
user_automacao03112014_092104833@cnova.com,123456,9176930,
user_automacao03112014_092105020@cnova.com,123456,9176929,
user_automacao03112014_092105238@cnova.com,123456,9176931,
user_automacao03112014_092105363@cnova.com,123456,9176927,
user_automacao03112014_092105519@cnova.com,123456,9176926,
user_automacao03112014_092105691@cnova.com,123456,9176924,
user_automacao03112014_092105862@cnova.com,123456,9176925,
user_automacao03112014_092106034@cnova.com,123456,9176922,
user_automacao03112014_092106190@cnova.com,123456,9176923,
user_automacao03112014_092106299@cnova.com,123456,9176921,
user_automacao03112014_092106424@cnova.com,123456,9176918,
user_automacao03112014_092106580@cnova.com,123456,9176920,
user_automacao03112014_092106689@cnova.com,123456,9176917,
user_automacao03112014_092106814@cnova.com,123456,9176916,
user_automacao03112014_092106970@cnova.com,123456,9176914,
user_automacao03112014_092107079@cnova.com,123456,9176915,
user_automacao03112014_092107173@cnova.com,123456,9176912,
user_automacao03112014_092107313@cnova.com,123456,9176913,
user_automacao03112014_092107438@cnova.com,123456,9176909,
user_automacao03112014_092107641@cnova.com,123456,9176910,
user_automacao03112014_092107766@cnova.com,123456,9176908,
user_automacao03112014_092107984@cnova.com,123456,9176906,
user_automacao03112014_092108124@cnova.com,123456,9176905,
user_automacao03112014_092108343@cnova.com,123456,9176904,
user_automacao03112014_092108452@cnova.com,123456,9176903,
user_automacao03112014_092108577@cnova.com,123456,9176902,
user_automacao03112014_092108686@cnova.com,123456,9176901,
user_automacao03112014_092108826@cnova.com,123456,9176899,
user_automacao03112014_092108982@cnova.com,123456,9176897,
user_automacao03112014_092109170@cnova.com,123456,9176900,
user_automacao03112014_092109326@cnova.com,123456,9176895,
user_automacao03112014_092109450@cnova.com,123456,9176896,
user_automacao03112014_092109606@cnova.com,123456,9176893,
user_automacao03112014_092109778@cnova.com,123456,9176894,
user_automacao03112014_092109950@cnova.com,123456,9176891,
user_automacao03112014_092110074@cnova.com,123456,9176892,
user_automacao03112014_092110215@cnova.com,123456,9176889,
user_automacao03112014_092110433@cnova.com,123456,9176887,
user_automacao03112014_092110636@cnova.com,123456,9176888,
user_automacao03112014_092110761@cnova.com,123456,9176885,
user_automacao03112014_092110901@cnova.com,123456,9176886,
user_automacao03112014_092111182@cnova.com,123456,9176883,
user_automacao03112014_092111322@cnova.com,123456,9176884,
user_automacao03112014_092111681@cnova.com,123456,9176880,
user_automacao03112014_092111915@cnova.com,123456,9176881,
user_automacao03112014_092112056@cnova.com,123456,9176877,
user_automacao03112014_092112212@cnova.com,123456,9176878,
user_automacao03112014_092112321@cnova.com,123456,9176875,
user_automacao03112014_092112414@cnova.com,123456,9176876,
user_automacao03112014_092112586@cnova.com,123456,9176874,
user_automacao03112014_092112789@cnova.com,123456,9176872,
user_automacao03112014_092112929@cnova.com,123456,9176873,
user_automacao03112014_092113038@cnova.com,123456,9176870,
user_automacao03112014_092113194@cnova.com,123456,9176871,
user_automacao03112014_092113304@cnova.com,123456,9176868,
user_automacao03112014_092113413@cnova.com,123456,9176869,
user_automacao03112014_092113538@cnova.com,123456,9176867,
user_automacao03112014_092113631@cnova.com,123456,9176865,
user_automacao03112014_092113850@cnova.com,123456,9176864,
user_automacao03112014_092113990@cnova.com,123456,9176866,
user_automacao03112014_092114286@cnova.com,123456,9176863,
user_automacao03112014_092114427@cnova.com,123456,9176862,
user_automacao03112014_092114645@cnova.com,123456,9176861,
user_automacao03112014_092114801@cnova.com,123456,9176860,
user_automacao03112014_092114942@cnova.com,123456,9176858,
user_automacao03112014_092115129@cnova.com,123456,9176857,
user_automacao03112014_092115316@cnova.com,123456,9176856,
user_automacao03112014_092115581@cnova.com,123456,9176854,
user_automacao03112014_092115753@cnova.com,123456,9176853,
user_automacao03112014_092116080@cnova.com,123456,9176855,
user_automacao03112014_092116330@cnova.com,123456,9176851,
user_automacao03112014_092116439@cnova.com,123456,9176852,
user_automacao03112014_092116595@cnova.com,123456,9176849,
user_automacao03112014_092116736@cnova.com,123456,9176848,
user_automacao03112014_092116860@cnova.com,123456,9176850,
user_automacao03112014_092117063@cnova.com,123456,9176846,
user_automacao03112014_092117250@cnova.com,123456,9176847,
user_automacao03112014_092117391@cnova.com,123456,9176845,
user_automacao03112014_092117562@cnova.com,123456,9176843,
user_automacao03112014_092117703@cnova.com,123456,9176844,
user_automacao03112014_092117828@cnova.com,123456,9176841,
user_automacao03112014_092117937@cnova.com,123456,9176842,
user_automacao03112014_092118077@cnova.com,123456,9176839,
user_automacao03112014_092118296@cnova.com,123456,9176840,
user_automacao03112014_092118405@cnova.com,123456,9176838,
user_automacao03112014_092118514@cnova.com,123456,9176837,
user_automacao03112014_092118686@cnova.com,123456,9176836,
user_automacao03112014_092118857@cnova.com,123456,9176834,
user_automacao03112014_092119107@cnova.com,123456,9176835,
user_automacao03112014_092119232@cnova.com,123456,9176833,
user_automacao03112014_092119419@cnova.com,123456,9176832,
user_automacao03112014_092119637@cnova.com,123456,9176831,
user_automacao03112014_092119778@cnova.com,123456,9176829,
user_automacao03112014_092119934@cnova.com,123456,9176830,
user_automacao03112014_092120526@cnova.com,123456,9176828,
user_automacao03112014_092120698@cnova.com,123456,9176827,
user_automacao03112014_092120901@cnova.com,123456,9176825,
user_automacao03112014_092121026@cnova.com,123456,9176826,
user_automacao03112014_092121150@cnova.com,123456,9176824,
user_automacao03112014_092121291@cnova.com,123456,9176823,
user_automacao03112014_092121478@cnova.com,123456,9176822,
user_automacao03112014_092121650@cnova.com,123456,9176820,
user_automacao03112014_092121774@cnova.com,123456,9176821,
user_automacao03112014_092121962@cnova.com,123456,9176819,
user_automacao03112014_092122102@cnova.com,123456,9176818,
user_automacao03112014_092122211@cnova.com,123456,9176817,
user_automacao03112014_092122367@cnova.com,123456,9176816,
user_automacao03112014_092122461@cnova.com,123456,9176815,
user_automacao03112014_092122570@cnova.com,123456,9176814,
user_automacao03112014_092122742@cnova.com,123456,9176813,
user_automacao03112014_092122851@cnova.com,123456,9176812,
user_automacao03112014_092122960@cnova.com,123456,9176810,
user_automacao03112014_092123085@cnova.com,123456,9176809,
user_automacao03112014_092123241@cnova.com,123456,9176808,
user_automacao03112014_092123397@cnova.com,123456,9176807,
user_automacao03112014_092123506@cnova.com,123456,9176805,
user_automacao03112014_092123787@cnova.com,123456,9176806,
user_automacao03112014_092123927@cnova.com,123456,9176803,
user_automacao03112014_092124114@cnova.com,123456,9176804,
user_automacao03112014_092124270@cnova.com,123456,9176801,
user_automacao03112014_092124395@cnova.com,123456,9176800,
user_automacao03112014_092124816@cnova.com,123456,9176798,
user_automacao03112014_092125035@cnova.com,123456,9176799,
user_automacao03112014_092125300@cnova.com,123456,9176796,
user_automacao03112014_092125581@cnova.com,123456,9176797,
user_automacao03112014_092125768@cnova.com,123456,9176795,
user_automacao03112014_092125908@cnova.com,123456,9176793,
user_automacao03112014_092126267@cnova.com,123456,9176794,
user_automacao03112014_092126392@cnova.com,123456,9176791,
user_automacao03112014_092126501@cnova.com,123456,9176792,
user_automacao03112014_092126688@cnova.com,123456,9176790,
user_automacao03112014_092126844@cnova.com,123456,9176788,
user_automacao03112014_092127000@cnova.com,123456,9176787,
user_automacao03112014_092127188@cnova.com,123456,9176789,
user_automacao03112014_092127422@cnova.com,123456,9176785,
user_automacao03112014_092127546@cnova.com,123456,9176786,
user_automacao03112014_092127640@cnova.com,123456,9176783,
user_automacao03112014_092127843@cnova.com,123456,9176784,
user_automacao03112014_092127983@cnova.com,123456,9176782,
user_automacao03112014_092128124@cnova.com,123456,9176781,
user_automacao03112014_092128295@cnova.com,123456,9176779,
user_automacao03112014_092128498@cnova.com,123456,9176778,
user_automacao03112014_092128670@cnova.com,123456,9176780,
user_automacao03112014_092128841@cnova.com,123456,9176776,
user_automacao03112014_092129028@cnova.com,123456,9176777,
user_automacao03112014_092129184@cnova.com,123456,9176775,
user_automacao03112014_092129325@cnova.com,123456,9176774,
user_automacao03112014_092129450@cnova.com,123456,9176773,
user_automacao03112014_092129699@cnova.com,123456,9176771,
user_automacao03112014_092129886@cnova.com,123456,9176772,
user_automacao03112014_092130058@cnova.com,123456,9176769,
user_automacao03112014_092130183@cnova.com,123456,9176770,
user_automacao03112014_092130464@cnova.com,123456,9176767,
user_automacao03112014_092130635@cnova.com,123456,9176768,
user_automacao03112014_092130744@cnova.com,123456,9176766,
user_automacao03112014_092130916@cnova.com,123456,9176764,
user_automacao03112014_092131056@cnova.com,123456,9176765,
user_automacao03112014_092131197@cnova.com,123456,9176762,
user_automacao03112014_092131306@cnova.com,123456,9176763,
user_automacao03112014_092131493@cnova.com,123456,9176759,
user_automacao03112014_092131602@cnova.com,123456,9176760,
user_automacao03112014_092131758@cnova.com,123456,9176757,
user_automacao03112014_092131852@cnova.com,123456,9176758,
user_automacao03112014_092131992@cnova.com,123456,9176755,
user_automacao03112014_092132148@cnova.com,123456,9176754,
user_automacao03112014_092132382@cnova.com,123456,9176756,
user_automacao03112014_092132507@cnova.com,123456,9176753,
user_automacao03112014_092132663@cnova.com,123456,9176751,
user_automacao03112014_092132788@cnova.com,123456,9176750,
user_automacao03112014_092132944@cnova.com,123456,9176749,
user_automacao03112014_092133053@cnova.com,123456,9176747,
user_automacao03112014_092133209@cnova.com,123456,9176746,
user_automacao03112014_092133474@cnova.com,123456,9176748,
user_automacao03112014_092133615@cnova.com,123456,9176745,
user_automacao03112014_092133708@cnova.com,123456,9176744,
user_automacao03112014_092133818@cnova.com,123456,9176743,
user_automacao03112014_092133974@cnova.com,123456,9176741,
user_automacao03112014_092134145@cnova.com,123456,9176742,
user_automacao03112014_092134270@cnova.com,123456,9176740,
user_automacao03112014_092134411@cnova.com,123456,9176739,
user_automacao03112014_092134567@cnova.com,123456,9176738,
user_automacao03112014_092134676@cnova.com,123456,9176737,
user_automacao03112014_092134832@cnova.com,123456,9176735,
user_automacao03112014_092134957@cnova.com,123456,9176736,
user_automacao03112014_092135066@cnova.com,123456,9176733,
user_automacao03112014_092135175@cnova.com,123456,9176734,
user_automacao03112014_092135300@cnova.com,123456,9176732,
user_automacao03112014_092135471@cnova.com,123456,9176730,
user_automacao03112014_092135612@cnova.com,123456,9176731,
user_automacao03112014_092135721@cnova.com,123456,9176729,
user_automacao03112014_092135924@cnova.com,123456,9176728,
user_automacao03112014_092136049@cnova.com,123456,9176726,
user_automacao03112014_092136158@cnova.com,123456,9176727,
user_automacao03112014_092136329@cnova.com,123456,9176724,
user_automacao03112014_092136470@cnova.com,123456,9176725,
user_automacao03112014_092136657@cnova.com,123456,9176723,
user_automacao03112014_092136829@cnova.com,123456,9176721,
user_automacao03112014_092137000@cnova.com,123456,9176722,
user_automacao03112014_092137172@cnova.com,123456,9176720,
user_automacao03112014_092137297@cnova.com,123456,9176719,
user_automacao03112014_092137468@cnova.com,123456,9176718,
user_automacao03112014_092137562@cnova.com,123456,9176717,
user_automacao03112014_092137671@cnova.com,123456,9176716,
user_automacao03112014_092137796@cnova.com,123456,9176715,
user_automacao03112014_092137936@cnova.com,123456,9176713,
user_automacao03112014_092138045@cnova.com,123456,9176712,
user_automacao03112014_092138170@cnova.com,123456,9176714,
user_automacao03112014_092138342@cnova.com,123456,9176710,
user_automacao03112014_092138467@cnova.com,123456,9176711,
user_automacao03112014_092138576@cnova.com,123456,9176709,
user_automacao03112014_092138669@cnova.com,123456,9176708,
user_automacao03112014_092138810@cnova.com,123456,9176707,
user_automacao03112014_092138919@cnova.com,123456,9176706,
user_automacao03112014_092139059@cnova.com,123456,9176705,
user_automacao03112014_092139200@cnova.com,123456,9176703,
user_automacao03112014_092139325@cnova.com,123456,9176704,
user_automacao03112014_092139449@cnova.com,123456,9176701,
user_automacao03112014_092139590@cnova.com,123456,9176702,
user_automacao03112014_092139715@cnova.com,123456,9176700,
user_automacao03112014_092139855@cnova.com,123456,9176699,
user_automacao03112014_092139964@cnova.com,123456,9176698,
user_automacao03112014_092140058@cnova.com,123456,9176697,
user_automacao03112014_092140167@cnova.com,123456,9176696,
user_automacao03112014_092140307@cnova.com,123456,9176694,
user_automacao03112014_092140573@cnova.com,123456,9176695,
user_automacao03112014_092140760@cnova.com,123456,9176693,
user_automacao03112014_092140900@cnova.com,123456,9176692,
user_automacao03112014_092141041@cnova.com,123456,9176691,
user_automacao03112014_092141306@cnova.com,123456,9176690,
user_automacao03112014_092141446@cnova.com,123456,9176689,
user_automacao03112014_092141680@cnova.com,123456,9176688,
user_automacao03112014_092141821@cnova.com,123456,9176687,
user_automacao03112014_092141961@cnova.com,123456,9176686,
user_automacao03112014_092142101@cnova.com,123456,9176685,
user_automacao03112014_092142289@cnova.com,123456,9176683,
user_automacao03112014_092142491@cnova.com,123456,9176684,
user_automacao03112014_092142601@cnova.com,123456,9176682,
user_automacao03112014_092142741@cnova.com,123456,9176681,
user_automacao03112014_092142897@cnova.com,123456,9176679,
user_automacao03112014_092143022@cnova.com,123456,9176680,
user_automacao03112014_092143178@cnova.com,123456,9176678,
user_automacao03112014_092143318@cnova.com,123456,9176677,
user_automacao03112014_092143412@cnova.com,123456,9176676,
user_automacao03112014_092143568@cnova.com,123456,9176675,
user_automacao03112014_092143739@cnova.com,123456,9176673,
user_automacao03112014_092143880@cnova.com,123456,9176674,
user_automacao03112014_092144005@cnova.com,123456,9176672,
user_automacao03112014_092144098@cnova.com,123456,9176671,
user_automacao03112014_092144332@cnova.com,123456,9176670,
user_automacao03112014_092144566@cnova.com,123456,9176668,
user_automacao03112014_092144675@cnova.com,123456,9176669,
user_automacao03112014_092144816@cnova.com,123456,9176666,
user_automacao03112014_092144941@cnova.com,123456,9176665,
user_automacao03112014_092145065@cnova.com,123456,9176667,
user_automacao03112014_092145253@cnova.com,123456,9176664,
user_automacao03112014_092145362@cnova.com,123456,9176663,
user_automacao03112014_092145455@cnova.com,123456,9176659,
user_automacao03112014_092145643@cnova.com,123456,9176661,
user_automacao03112014_092145767@cnova.com,123456,9176658,
user_automacao03112014_092145877@cnova.com,123456,9176657,
user_automacao03112014_092145986@cnova.com,123456,9176656,
user_automacao03112014_092146095@cnova.com,123456,9176655,
user_automacao03112014_092146204@cnova.com,123456,9176653,
user_automacao03112014_092146345@cnova.com,123456,9176654,
user_automacao03112014_092146501@cnova.com,123456,9176652,
user_automacao03112014_092146641@cnova.com,123456,9176650,
user_automacao03112014_092146813@cnova.com,123456,9176651,
user_automacao03112014_092147078@cnova.com,123456,9176649,
user_automacao03112014_092147203@cnova.com,123456,9176647,
user_automacao03112014_092147374@cnova.com,123456,9176648,
user_automacao03112014_092147515@cnova.com,123456,9176645,
user_automacao03112014_092147655@cnova.com,123456,9176646,
user_automacao03112014_092147811@cnova.com,123456,9176644,
user_automacao03112014_092148014@cnova.com,123456,9176642,
user_automacao03112014_092148279@cnova.com,123456,9176640,
user_automacao03112014_092148497@cnova.com,123456,9176643,
user_automacao03112014_092148841@cnova.com,123456,9176638,
user_automacao03112014_092148981@cnova.com,123456,9176639,
user_automacao03112014_092149168@cnova.com,123456,9176636,
user_automacao03112014_092149309@cnova.com,123456,9176637,
user_automacao03112014_092149558@cnova.com,123456,9176635,
user_automacao03112014_092149792@cnova.com,123456,9176633,
user_automacao03112014_092149964@cnova.com,123456,9176634,
user_automacao03112014_092150291@cnova.com,123456,9176631,
user_automacao03112014_092150432@cnova.com,123456,9176630,
user_automacao03112014_092150588@cnova.com,123456,9176632,
user_automacao03112014_092150744@cnova.com,123456,9176629,
user_automacao03112014_092150962@cnova.com,123456,9176628,
user_automacao03112014_092151071@cnova.com,123456,9176627,
user_automacao03112014_092151196@cnova.com,123456,9176625,
user_automacao03112014_092151493@cnova.com,123456,9176626,
user_automacao03112014_092151633@cnova.com,123456,9176624,
user_automacao03112014_092151773@cnova.com,123456,9176623,
user_automacao03112014_092152007@cnova.com,123456,9176621,
user_automacao03112014_092152148@cnova.com,123456,9176622,
user_automacao03112014_092152257@cnova.com,123456,9176620,
user_automacao03112014_092152522@cnova.com,123456,9176619,
user_automacao03112014_092152663@cnova.com,123456,9176617,
user_automacao03112014_092152865@cnova.com,123456,9176618,
user_automacao03112014_092153021@cnova.com,123456,9176615,
user_automacao03112014_092153224@cnova.com,123456,9176616,
user_automacao03112014_092153474@cnova.com,123456,9176613,
user_automacao03112014_092153786@cnova.com,123456,9176612,
user_automacao03112014_092154020@cnova.com,123456,9176611,
user_automacao03112014_092154113@cnova.com,123456,9176609,
user_automacao03112014_092154316@cnova.com,123456,9176608,
user_automacao03112014_092154550@cnova.com,123456,9176607,
user_automacao03112014_092154753@cnova.com,123456,9176606,
user_automacao03112014_092155237@cnova.com,123456,9176605,
user_automacao03112014_092155439@cnova.com,123456,9176604,
user_automacao03112014_092155642@cnova.com,123456,9176603,
user_automacao03112014_092155814@cnova.com,123456,9176614,
user_automacao03112014_092155939@cnova.com,123456,9176602,
user_automacao03112014_092156110@cnova.com,123456,9176601,
user_automacao03112014_092156251@cnova.com,123456,9176599,
user_automacao03112014_092156360@cnova.com,123456,9176598,
user_automacao03112014_092156453@cnova.com,123456,9176597,
user_automacao03112014_092156594@cnova.com,123456,9176596,
user_automacao03112014_092156719@cnova.com,123456,9176595,
user_automacao03112014_092156890@cnova.com,123456,9176594,
user_automacao03112014_092157015@cnova.com,123456,9176593,
user_automacao03112014_092157109@cnova.com,123456,9176592,
user_automacao03112014_092157265@cnova.com,123456,9176591,
user_automacao03112014_092157483@cnova.com,123456,9176589,
user_automacao03112014_092157639@cnova.com,123456,9176588,
user_automacao03112014_092157842@cnova.com,123456,9176587,
user_automacao03112014_092157967@cnova.com,123456,9176586,
user_automacao03112014_092158076@cnova.com,123456,9176585,
user_automacao03112014_092158169@cnova.com,123456,9176584,
user_automacao03112014_092158263@cnova.com,123456,9176583,
user_automacao03112014_092158388@cnova.com,123456,9176582,
user_automacao03112014_092158481@cnova.com,123456,9176581,
user_automacao03112014_092158606@cnova.com,123456,9176580,
user_automacao03112014_092159012@cnova.com,123456,9176579,
user_automacao03112014_092159137@cnova.com,123456,9176578,
user_automacao03112014_092159339@cnova.com,123456,9176577,
user_automacao03112014_092159480@cnova.com,123456,9176576,
user_automacao03112014_092159651@cnova.com,123456,9176575,
user_automacao03112014_092159839@cnova.com,123456,9176574,
user_automacao03112014_092200026@cnova.com,123456,9176573,
user_automacao03112014_092200182@cnova.com,123456,9176572,
user_automacao03112014_092200322@cnova.com,123456,9176571,
user_automacao03112014_092200525@cnova.com,123456,9176570,
user_automacao03112014_092200681@cnova.com,123456,9176569,
user_automacao03112014_092200853@cnova.com,123456,9176568,
user_automacao03112014_092201024@cnova.com,123456,9176567,
user_automacao03112014_092201165@cnova.com,123456,9176566,
user_automacao03112014_092201289@cnova.com,123456,9176565,
user_automacao03112014_092201570@cnova.com,123456,9176564,
user_automacao03112014_092201742@cnova.com,123456,9176563,
user_automacao03112014_092202007@cnova.com,123456,9176562,
user_automacao03112014_092202257@cnova.com,123456,9176561,
user_automacao03112014_092202413@cnova.com,123456,9176560,
user_automacao03112014_092202553@cnova.com,123456,9176559,
user_automacao03112014_092202725@cnova.com,123456,9176558,
user_automacao03112014_092202818@cnova.com,123456,9176557,
user_automacao03112014_092202927@cnova.com,123456,9176556,
user_automacao03112014_092203037@cnova.com,123456,9176555,
user_automacao03112014_092203239@cnova.com,123456,9176554,
user_automacao03112014_092203427@cnova.com,123456,9176553,
user_automacao03112014_092203536@cnova.com,123456,9176552,
user_automacao03112014_092203692@cnova.com,123456,9176551,
user_automacao03112014_092203910@cnova.com,123456,9176550,
user_automacao03112014_092204129@cnova.com,123456,9176549,
user_automacao03112014_092204378@cnova.com,123456,9176548,
user_automacao03112014_092204534@cnova.com,123456,9176600,
user_automacao03112014_092204675@cnova.com,123456,9176546,
user_automacao03112014_092204799@cnova.com,123456,9176547,
user_automacao03112014_092204955@cnova.com,123456,9176545,
user_automacao03112014_092205096@cnova.com,123456,9176544,
user_automacao03112014_092205221@cnova.com,123456,9176542,
user_automacao03112014_092205377@cnova.com,123456,9176543,
user_automacao03112014_092205611@cnova.com,123456,9176541,
user_automacao03112014_092205782@cnova.com,123456,9176540,
user_automacao03112014_092205938@cnova.com,123456,9176539,
user_automacao03112014_092206266@cnova.com,123456,9176537,
user_automacao03112014_092206531@cnova.com,123456,9176538,
user_automacao03112014_092206750@cnova.com,123456,9176536,
user_automacao03112014_092206952@cnova.com,123456,9176535,
user_automacao03112014_092207264@cnova.com,123456,9176534,
user_automacao03112014_092207561@cnova.com,123456,9176533,
user_automacao03112014_092207998@cnova.com,123456,9176532,
user_automacao03112014_092208622@cnova.com,123456,9176531,
user_automacao03112014_092208965@cnova.com,123456,9176530,
user_automacao03112014_092209152@cnova.com,123456,9176529,
user_automacao03112014_092209339@cnova.com,123456,9176527,
user_automacao03112014_092209511@cnova.com,123456,9176526,
user_automacao03112014_092209916@cnova.com,123456,9176528,
user_automacao03112014_092210041@cnova.com,123456,9176524,
user_automacao03112014_092210166@cnova.com,123456,9176525,
user_automacao03112014_092210369@cnova.com,123456,9176523,
user_automacao03112014_092210462@cnova.com,123456,9176522,
user_automacao03112014_092210806@cnova.com,123456,9176521,
user_automacao03112014_092211367@cnova.com,123456,9176519,
user_automacao03112014_092211508@cnova.com,123456,9176520,
user_automacao03112014_092211742@cnova.com,123456,9176518,
user_automacao03112014_092212132@cnova.com,123456,9176517,
user_automacao03112014_092212303@cnova.com,123456,9176515,
user_automacao03112014_092212397@cnova.com,123456,9176514,
user_automacao03112014_092212865@cnova.com,123456,9176512,
user_automacao03112014_092212974@cnova.com,123456,9176513,
user_automacao03112014_092213130@cnova.com,123456,9176511,
user_automacao03112014_092213286@cnova.com,123456,9176509,
user_automacao03112014_092213442@cnova.com,123456,9176510,
user_automacao03112014_092213738@cnova.com,123456,9176507,
user_automacao03112014_092213863@cnova.com,123456,9176508,
user_automacao03112014_092214050@cnova.com,123456,9176506,
user_automacao03112014_092214300@cnova.com,123456,9176505,
user_automacao03112014_092214440@cnova.com,123456,9176504,
user_automacao03112014_092214815@cnova.com,123456,9176502,
user_automacao03112014_092214924@cnova.com,123456,9176503,
user_automacao03112014_092215189@cnova.com,123456,9176501,
user_automacao03112014_092215298@cnova.com,123456,9176499,
user_automacao03112014_092215486@cnova.com,123456,9176498,
user_automacao03112014_092215610@cnova.com,123456,9176497,
user_automacao03112014_092215751@cnova.com,123456,9176496,
user_automacao03112014_092215985@cnova.com,123456,9176495,
user_automacao03112014_092216188@cnova.com,123456,9176494,
user_automacao03112014_092216531@cnova.com,123456,9176493,
user_automacao03112014_092216702@cnova.com,123456,9176492,
user_automacao03112014_092216890@cnova.com,123456,9176491,
user_automacao03112014_092217061@cnova.com,123456,9176489,
user_automacao03112014_092217217@cnova.com,123456,9176488,
user_automacao03112014_092217311@cnova.com,123456,9176487,
user_automacao03112014_092217436@cnova.com,123456,9176486,
user_automacao03112014_092217623@cnova.com,123456,9176485,
user_automacao03112014_092217779@cnova.com,123456,9176484,
user_automacao03112014_092329177@cnova.com,123456,9176483,
user_automacao03112014_092330066@cnova.com,123456,9176482,
user_automacao03112014_092330206@cnova.com,123456,9176481,
user_automacao03112014_092330409@cnova.com,123456,9176480,
user_automacao03112014_092330799@cnova.com,123456,9176479,
user_automacao03112014_092330986@cnova.com,123456,9176478,
user_automacao03112014_092331220@cnova.com,123456,9176477,
user_automacao03112014_092331454@cnova.com,123456,9176476,
user_automacao03112014_092331595@cnova.com,123456,9176475,
user_automacao03112014_092331704@cnova.com,123456,9176474,
user_automacao03112014_092332156@cnova.com,123456,9176473,
user_automacao03112014_092332250@cnova.com,123456,9176472,
user_automacao03112014_092332531@cnova.com,123456,9176471,
user_automacao03112014_092332718@cnova.com,123456,9176470,
user_automacao03112014_092332874@cnova.com,123456,9176469,
user_automacao03112014_092332999@cnova.com,123456,9176468,
user_automacao03112014_092333201@cnova.com,123456,9176467,
user_automacao03112014_092333357@cnova.com,123456,9176466,
user_automacao03112014_092333467@cnova.com,123456,9176465,
user_automacao03112014_092333576@cnova.com,123456,9176464,
user_automacao03112014_092333747@cnova.com,123456,9176463,
user_automacao03112014_092333950@cnova.com,123456,9176462,
user_automacao03112014_092334059@cnova.com,123456,9176461,
user_automacao03112014_092334184@cnova.com,123456,9176460,
user_automacao03112014_092334340@cnova.com,123456,9176459,
user_automacao03112014_092334621@cnova.com,123456,9176457,
user_automacao03112014_092334793@cnova.com,123456,9176456,
user_automacao03112014_092334933@cnova.com,123456,9176455,
user_automacao03112014_092335120@cnova.com,123456,9176454,
user_automacao03112014_092335245@cnova.com,123456,9176453,
user_automacao03112014_092335401@cnova.com,123456,9176452,
user_automacao03112014_092335557@cnova.com,123456,9176451,
user_automacao03112014_092335791@cnova.com,123456,9176500,
user_automacao03112014_092335900@cnova.com,123456,9176450,
user_automacao03112014_092336056@cnova.com,123456,9176448,
user_automacao03112014_092336275@cnova.com,123456,9176449,
user_automacao03112014_092336415@cnova.com,123456,9176447,
user_automacao03112014_092336540@cnova.com,123456,9176446,
user_automacao03112014_092336649@cnova.com,123456,9176445,
user_automacao03112014_092336821@cnova.com,123456,9176444,
user_automacao03112014_092336914@cnova.com,123456,9176443,
user_automacao03112014_092337257@cnova.com,123456,9176442,
user_automacao03112014_092337429@cnova.com,123456,9176441,
user_automacao03112014_092337616@cnova.com,123456,9176439,
user_automacao03112014_092337725@cnova.com,123456,9176440,
user_automacao03112014_092337881@cnova.com,123456,9176437,
user_automacao03112014_092338006@cnova.com,123456,9176438,
user_automacao03112014_092338287@cnova.com,123456,9176436,
user_automacao03112014_092338490@cnova.com,123456,9176434,
user_automacao03112014_092338864@cnova.com,123456,9176435,
user_automacao03112014_092339020@cnova.com,123456,9176432,
user_automacao03112014_092339488@cnova.com,123456,9176433,
user_automacao03112014_092339925@cnova.com,123456,9176431,
user_automacao03112014_092340050@cnova.com,123456,9176429,
user_automacao03112014_092340253@cnova.com,123456,9176430,
user_automacao03112014_092340424@cnova.com,123456,9176428,
user_automacao03112014_092340565@cnova.com,123456,9176426,
user_automacao03112014_092340721@cnova.com,123456,9176427,
user_automacao03112014_092340877@cnova.com,123456,9176425,
user_automacao03112014_092341111@cnova.com,123456,9176424,
user_automacao03112014_092341423@cnova.com,123456,9176423,
user_automacao03112014_092341641@cnova.com,123456,9176422,
user_automacao03112014_092341797@cnova.com,123456,9176421,
user_automacao03112014_092341938@cnova.com,123456,9176420,
user_automacao03112014_092342094@cnova.com,123456,9176419,
user_automacao03112014_092342250@cnova.com,123456,9176418,
user_automacao03112014_092342515@cnova.com,123456,9176417,
user_automacao03112014_092342686@cnova.com,123456,9176416,
user_automacao03112014_092342920@cnova.com,123456,9176415,
user_automacao03112014_092343076@cnova.com,123456,9176414,
user_automacao03112014_092343232@cnova.com,123456,9176413,
user_automacao03112014_092343420@cnova.com,123456,9176411,
user_automacao03112014_092343638@cnova.com,123456,9176412,
user_automacao03112014_092343872@cnova.com,123456,9176410,
user_automacao03112014_092344106@cnova.com,123456,9176409,
user_automacao03112014_092344309@cnova.com,123456,9176407,
user_automacao03112014_092344574@cnova.com,123456,9176408,
user_automacao03112014_092344980@cnova.com,123456,9176406,
user_automacao03112014_092345307@cnova.com,123456,9176405,
user_automacao03112014_092345448@cnova.com,123456,9176404,
user_automacao03112014_092345557@cnova.com,123456,9176403,
user_automacao03112014_092345713@cnova.com,123456,9176402,
user_automacao03112014_092345822@cnova.com,123456,9176400,
user_automacao03112014_092346009@cnova.com,123456,9176401,
user_automacao03112014_092346134@cnova.com,123456,9176398,
user_automacao03112014_092346290@cnova.com,123456,9176399,
user_automacao03112014_092346508@cnova.com,123456,9176396,
user_automacao03112014_092346711@cnova.com,123456,9176397,
user_automacao03112014_092346867@cnova.com,123456,9176394,
user_automacao03112014_092346992@cnova.com,123456,9176395,
user_automacao03112014_092347164@cnova.com,123456,9176392,
user_automacao03112014_092347507@cnova.com,123456,9176393,
user_automacao03112014_092347741@cnova.com,123456,9176390,
user_automacao03112014_092347975@cnova.com,123456,9176391,
user_automacao03112014_092348068@cnova.com,123456,9176389,
user_automacao03112014_092348396@cnova.com,123456,9176388,
user_automacao03112014_092348614@cnova.com,123456,9176387,
user_automacao03112014_092348833@cnova.com,123456,9176385,
user_automacao03112014_092349223@cnova.com,123456,9176384,
user_automacao03112014_092349441@cnova.com,123456,9176386,
user_automacao03112014_092349550@cnova.com,123456,9176382,
user_automacao03112014_092349800@cnova.com,123456,9176383,
user_automacao03112014_092350159@cnova.com,123456,9176380,
user_automacao03112014_092350393@cnova.com,123456,9176381,
user_automacao03112014_092350564@cnova.com,123456,9176379,
user_automacao03112014_092350908@cnova.com,123456,9176378,
user_automacao03112014_092351251@cnova.com,123456,9176377,
user_automacao03112014_092351391@cnova.com,123456,9176375,
user_automacao03112014_092351532@cnova.com,123456,9176376,
user_automacao03112014_092351734@cnova.com,123456,9176374,
user_automacao03112014_092351968@cnova.com,123456,9176373,
user_automacao03112014_092352171@cnova.com,123456,9176372,
user_automacao03112014_092352343@cnova.com,123456,9176370,
user_automacao03112014_092352483@cnova.com,123456,9176371,
user_automacao03112014_092352639@cnova.com,123456,9176367,
user_automacao03112014_092352748@cnova.com,123456,9176368,
user_automacao03112014_092352920@cnova.com,123456,9176366,
user_automacao03112014_092353014@cnova.com,123456,9176364,
user_automacao03112014_092353154@cnova.com,123456,9176365,
user_automacao03112014_092353513@cnova.com,123456,9176362,
user_automacao03112014_092353840@cnova.com,123456,9176361,
user_automacao03112014_092354121@cnova.com,123456,9176363,
user_automacao03112014_092354308@cnova.com,123456,9176360,