user_automacao03112014_091255940@cnova.com,123456,16421887
user_automacao03112014_091255830@cnova.com,123456,11747910
user_automacao03112014_091255830@cnova.com,123456,14424507
user_automacao03112014_091255690@cnova.com,123456,11747912
user_automacao03112014_091255690@cnova.com,123456,14401523
user_automacao03112014_091255550@cnova.com,123456,11747913
user_automacao03112014_091255550@cnova.com,123456,13754866
user_automacao03112014_091255425@cnova.com,123456,11747914
user_automacao03112014_091255425@cnova.com,123456,13960613
user_automacao03112014_091255253@cnova.com,123456,11747915
user_automacao03112014_091255253@cnova.com,123456,14401574
user_automacao03112014_091255082@cnova.com,123456,11747916
user_automacao03112014_091254957@cnova.com,123456,11747917
user_automacao03112014_091254957@cnova.com,123456,16486768
user_automacao03112014_091254738@cnova.com,123456,11747918
user_automacao03112014_091254738@cnova.com,123456,16395767
user_automacao03112014_091254473@cnova.com,123456,11747919
user_automacao03112014_091254473@cnova.com,123456,16643658
user_automacao03112014_091254333@cnova.com,123456,11747920
user_automacao03112014_091254161@cnova.com,123456,11747921
user_automacao03112014_091253943@cnova.com,123456,11747922
user_automacao03112014_091253818@cnova.com,123456,11747923
user_automacao03112014_091253662@cnova.com,123456,11747924
user_automacao03112014_091253381@cnova.com,123456,11747925
user_automacao03112014_091253147@cnova.com,123456,11747926
user_automacao03112014_091253147@cnova.com,123456,13240170
user_automacao03112014_091253038@cnova.com,123456,11747927
user_automacao03112014_091252882@cnova.com,123456,11747928
user_automacao03112014_091252710@cnova.com,123456,11747929
user_automacao03112014_091252570@cnova.com,123456,11747930
user_automacao03112014_091252476@cnova.com,123456,11747931
user_automacao03112014_091252320@cnova.com,123456,11747932
user_automacao03112014_091252180@cnova.com,123456,11747933
user_automacao03112014_091252040@cnova.com,123456,11747934
user_automacao03112014_091251899@cnova.com,123456,11747935
user_automacao03112014_091251899@cnova.com,123456,15831065
user_automacao03112014_091251728@cnova.com,123456,11747936
user_automacao03112014_091251728@cnova.com,123456,15135107
user_automacao03112014_091251540@cnova.com,123456,11747937
user_automacao03112014_091251540@cnova.com,123456,15551494
user_automacao03112014_091251540@cnova.com,123456,15937465
user_automacao03112014_091251400@cnova.com,123456,11747938
user_automacao03112014_091251400@cnova.com,123456,14250194
user_automacao03112014_091251400@cnova.com,123456,15799269
user_automacao03112014_091251260@cnova.com,123456,11747939
user_automacao03112014_091251088@cnova.com,123456,11747940
user_automacao03112014_091250838@cnova.com,123456,11747941
user_automacao03112014_091250838@cnova.com,123456,14667171
user_automacao03112014_091250698@cnova.com,123456,11747942
user_automacao03112014_091250698@cnova.com,123456,15309198
user_automacao03112014_091250448@cnova.com,123456,11747943
user_automacao03112014_091250261@cnova.com,123456,11747944
user_automacao03112014_091250261@cnova.com,123456,13532539
user_automacao03112014_091250261@cnova.com,123456,16150930
user_automacao03112014_091250152@cnova.com,123456,11747945
user_automacao03112014_091250027@cnova.com,123456,11747946
user_automacao03112014_091249902@cnova.com,123456,11747947
user_automacao03112014_091249902@cnova.com,123456,15642456
user_automacao03112014_091249731@cnova.com,123456,11747948
user_automacao03112014_091249731@cnova.com,123456,15551506
user_automacao03112014_091249731@cnova.com,123456,15642455
user_automacao03112014_091249731@cnova.com,123456,15787179
user_automacao03112014_091249731@cnova.com,123456,15938192
user_automacao03112014_091249731@cnova.com,123456,16421929
user_automacao03112014_091249544@cnova.com,123456,11747949
user_automacao03112014_091249450@cnova.com,123456,11747950
user_automacao03112014_091249450@cnova.com,123456,15937460
user_automacao03112014_091249263@cnova.com,123456,11747951
user_automacao03112014_091249263@cnova.com,123456,14033403
user_automacao03112014_091249263@cnova.com,123456,15245357
user_automacao03112014_091249091@cnova.com,123456,11747952
user_automacao03112014_091249091@cnova.com,123456,15411239
user_automacao03112014_091249091@cnova.com,123456,16869373
user_automacao03112014_091248842@cnova.com,123456,11747953
user_automacao03112014_091248842@cnova.com,123456,13330278
user_automacao03112014_091248717@cnova.com,123456,11747954
user_automacao03112014_091248717@cnova.com,123456,15787180
user_automacao03112014_091248717@cnova.com,123456,16754614
user_automacao03112014_091248623@cnova.com,123456,11747955
user_automacao03112014_091248623@cnova.com,123456,14160095
user_automacao03112014_091248623@cnova.com,123456,15937082
user_automacao03112014_091248498@cnova.com,123456,11747956
user_automacao03112014_091248498@cnova.com,123456,15759933
user_automacao03112014_091248358@cnova.com,123456,11747957
user_automacao03112014_091248186@cnova.com,123456,11747958
user_automacao03112014_091248186@cnova.com,123456,14250164
user_automacao03112014_091248046@cnova.com,123456,11747959
user_automacao03112014_091248046@cnova.com,123456,14931111
user_automacao03112014_091248046@cnova.com,123456,15584672
user_automacao03112014_091247890@cnova.com,123456,11747960
user_automacao03112014_091247687@cnova.com,123456,11747961
user_automacao03112014_091247687@cnova.com,123456,13302068
user_automacao03112014_091247687@cnova.com,123456,15239280
user_automacao03112014_091247516@cnova.com,123456,11747962
user_automacao03112014_091247516@cnova.com,123456,15831074
user_automacao03112014_091247406@cnova.com,123456,11747963
user_automacao03112014_091247406@cnova.com,123456,13814808
user_automacao03112014_091247204@cnova.com,123456,11747964
user_automacao03112014_091247032@cnova.com,123456,11747965
user_automacao03112014_091247032@cnova.com,123456,16150919
user_automacao03112014_091246814@cnova.com,123456,11747966
user_automacao03112014_091246814@cnova.com,123456,15046275
user_automacao03112014_091246689@cnova.com,123456,11747967
user_automacao03112014_091246689@cnova.com,123456,16713205
user_automacao03112014_091246361@cnova.com,123456,11747968
user_automacao03112014_091246361@cnova.com,123456,15143742
user_automacao03112014_091246236@cnova.com,123456,11747969
user_automacao03112014_091246065@cnova.com,123456,11747970
user_automacao03112014_091245862@cnova.com,123456,11747971
user_automacao03112014_091245862@cnova.com,123456,16862525
user_automacao03112014_091245737@cnova.com,123456,11747972
user_automacao03112014_091245737@cnova.com,123456,16651073
user_automacao03112014_091245534@cnova.com,123456,11747973
user_automacao03112014_091245534@cnova.com,123456,15046285
user_automacao03112014_091245534@cnova.com,123456,16119350
user_automacao03112014_091245409@cnova.com,123456,11747974
user_automacao03112014_091245285@cnova.com,123456,11747975
user_automacao03112014_091245285@cnova.com,123456,15409566
user_automacao03112014_091245285@cnova.com,123456,15799006
user_automacao03112014_091245066@cnova.com,123456,11747977
user_automacao03112014_091245066@cnova.com,123456,15278671
user_automacao03112014_091244895@cnova.com,123456,11747978
user_automacao03112014_091244895@cnova.com,123456,14082767
user_automacao03112014_091244895@cnova.com,123456,16181540
user_automacao03112014_091244739@cnova.com,123456,11747979
user_automacao03112014_091244739@cnova.com,123456,15873075
user_automacao03112014_091244583@cnova.com,123456,11747980
user_automacao03112014_091244583@cnova.com,123456,15799264
user_automacao03112014_091244583@cnova.com,123456,15799273
user_automacao03112014_091244364@cnova.com,123456,11747981
user_automacao03112014_091244364@cnova.com,123456,15411199
user_automacao03112014_091244239@cnova.com,123456,11747982
user_automacao03112014_091244239@cnova.com,123456,14788228
user_automacao03112014_091244239@cnova.com,123456,15614409
user_automacao03112014_091244239@cnova.com,123456,15831898
user_automacao03112014_091244239@cnova.com,123456,15873073
user_automacao03112014_091244239@cnova.com,123456,16197693
user_automacao03112014_091244005@cnova.com,123456,11747983
user_automacao03112014_091244005@cnova.com,123456,16566440
user_automacao03112014_091243865@cnova.com,123456,11747984
user_automacao03112014_091243865@cnova.com,123456,14615420
user_automacao03112014_091243865@cnova.com,123456,16181499
user_automacao03112014_091243709@cnova.com,123456,11747985
user_automacao03112014_091243709@cnova.com,123456,16487644
user_automacao03112014_091243584@cnova.com,123456,11747986
user_automacao03112014_091243241@cnova.com,123456,11747987
user_automacao03112014_091243085@cnova.com,123456,11747988
user_automacao03112014_091242898@cnova.com,123456,11747989
user_automacao03112014_091242898@cnova.com,123456,15813654
user_automacao03112014_091242695@cnova.com,123456,11747990
user_automacao03112014_091242570@cnova.com,123456,11747991
user_automacao03112014_091242570@cnova.com,123456,15046328
user_automacao03112014_091242570@cnova.com,123456,16197769
user_automacao03112014_091242461@cnova.com,123456,11747992
user_automacao03112014_091242118@cnova.com,123456,11747993
user_automacao03112014_091242118@cnova.com,123456,15309201
user_automacao03112014_091241915@cnova.com,123456,11747994
user_automacao03112014_091241915@cnova.com,123456,15046336
user_automacao03112014_091241790@cnova.com,123456,11747995
user_automacao03112014_091241790@cnova.com,123456,15938397
user_automacao03112014_091241681@cnova.com,123456,11747996
user_automacao03112014_091241681@cnova.com,123456,13330043
user_automacao03112014_091241681@cnova.com,123456,15080871
user_automacao03112014_091241681@cnova.com,123456,15479616
user_automacao03112014_091241494@cnova.com,123456,11747997
user_automacao03112014_091241494@cnova.com,123456,14948357
user_automacao03112014_091241369@cnova.com,123456,11747998
user_automacao03112014_091241369@cnova.com,123456,14250222
user_automacao03112014_091241369@cnova.com,123456,15194692
user_automacao03112014_091241213@cnova.com,123456,11747999
user_automacao03112014_091241041@cnova.com,123456,11748000
user_automacao03112014_091240901@cnova.com,123456,11748001
user_automacao03112014_091240480@cnova.com,123456,11748002
user_automacao03112014_091240371@cnova.com,123456,11748003
user_automacao03112014_091240215@cnova.com,123456,11748004
user_automacao03112014_091240074@cnova.com,123456,11748005
user_automacao03112014_091240074@cnova.com,123456,13355175
user_automacao03112014_091240074@cnova.com,123456,16181551
user_automacao03112014_091239949@cnova.com,123456,11748006
user_automacao03112014_091239949@cnova.com,123456,13329901
user_automacao03112014_091239528@cnova.com,123456,11748007
user_automacao03112014_091239388@cnova.com,123456,11748008
user_automacao03112014_091239076@cnova.com,123456,11748009
user_automacao03112014_091239076@cnova.com,123456,14173166
user_automacao03112014_091238826@cnova.com,123456,11748010
user_automacao03112014_091238826@cnova.com,123456,14165532
user_automacao03112014_091238701@cnova.com,123456,11748011
user_automacao03112014_091238561@cnova.com,123456,11748012
user_automacao03112014_091238561@cnova.com,123456,15410297
user_automacao03112014_091238561@cnova.com,123456,15608389
user_automacao03112014_091238561@cnova.com,123456,16150905
user_automacao03112014_091238358@cnova.com,123456,11748013
user_automacao03112014_091238358@cnova.com,123456,15379146
user_automacao03112014_091238358@cnova.com,123456,16150925
user_automacao03112014_091238202@cnova.com,123456,11748014
user_automacao03112014_091238202@cnova.com,123456,14173174
user_automacao03112014_091238077@cnova.com,123456,11748015
user_automacao03112014_091237953@cnova.com,123456,11748016
user_automacao03112014_091237765@cnova.com,123456,11748017
user_automacao03112014_091237765@cnova.com,123456,15410251
user_automacao03112014_091237563@cnova.com,123456,11748018
user_automacao03112014_091237563@cnova.com,123456,15614408
user_automacao03112014_091237453@cnova.com,123456,11748019
user_automacao03112014_091237453@cnova.com,123456,15143720
user_automacao03112014_091237313@cnova.com,123456,11748020
user_automacao03112014_091237141@cnova.com,123456,11748021
user_automacao03112014_091237141@cnova.com,123456,15143946
user_automacao03112014_091237141@cnova.com,123456,16119352
user_automacao03112014_091236985@cnova.com,123456,11748022
user_automacao03112014_091236985@cnova.com,123456,13942169
user_automacao03112014_091236985@cnova.com,123456,14655196
user_automacao03112014_091236985@cnova.com,123456,15614406
user_automacao03112014_091236829@cnova.com,123456,11748023
user_automacao03112014_091236829@cnova.com,123456,15309207
user_automacao03112014_091236829@cnova.com,123456,15831069
user_automacao03112014_091236642@cnova.com,123456,11748024
user_automacao03112014_091236642@cnova.com,123456,16197778
user_automacao03112014_091236486@cnova.com,123456,11748025
user_automacao03112014_091236393@cnova.com,123456,11748027
user_automacao03112014_091236393@cnova.com,123456,15740509
user_automacao03112014_091236393@cnova.com,123456,16150914
user_automacao03112014_091236174@cnova.com,123456,11748028
user_automacao03112014_091236174@cnova.com,123456,16208981
user_automacao03112014_091236018@cnova.com,123456,11748029
user_automacao03112014_091236018@cnova.com,123456,15164545
user_automacao03112014_091236018@cnova.com,123456,15194697
user_automacao03112014_091235831@cnova.com,123456,11748030
user_automacao03112014_091235831@cnova.com,123456,16181501
user_automacao03112014_091235659@cnova.com,123456,11748031
user_automacao03112014_091235659@cnova.com,123456,15379132
user_automacao03112014_091235472@cnova.com,123456,11748032
user_automacao03112014_091235301@cnova.com,123456,11748033
user_automacao03112014_091235301@cnova.com,123456,15608390
user_automacao03112014_091235113@cnova.com,123456,11748034
user_automacao03112014_091235113@cnova.com,123456,15409563
user_automacao03112014_091235113@cnova.com,123456,15584683
user_automacao03112014_091234942@cnova.com,123456,11748035
user_automacao03112014_091234942@cnova.com,123456,14988973
user_automacao03112014_091234942@cnova.com,123456,15937452
user_automacao03112014_091234755@cnova.com,123456,11748036
user_automacao03112014_091234583@cnova.com,123456,11748037
user_automacao03112014_091234396@cnova.com,123456,11748038
user_automacao03112014_091234396@cnova.com,123456,15409560
user_automacao03112014_091234271@cnova.com,123456,11748039
user_automacao03112014_091234271@cnova.com,123456,14173184
user_automacao03112014_091234271@cnova.com,123456,15479620
user_automacao03112014_091234146@cnova.com,123456,11748040
user_automacao03112014_091234146@cnova.com,123456,16421737
user_automacao03112014_091234006@cnova.com,123456,11748041
user_automacao03112014_091233881@cnova.com,123456,11748042
user_automacao03112014_091233881@cnova.com,123456,15541247
user_automacao03112014_091233741@cnova.com,123456,11748043
user_automacao03112014_091233741@cnova.com,123456,13330054
user_automacao03112014_091233507@cnova.com,123456,11748044
user_automacao03112014_091233382@cnova.com,123456,11748045
user_automacao03112014_091233382@cnova.com,123456,14211709
user_automacao03112014_091233101@cnova.com,123456,11748046
user_automacao03112014_091233101@cnova.com,123456,13364860
user_automacao03112014_091233101@cnova.com,123456,14177910
user_automacao03112014_091233101@cnova.com,123456,16165303
user_automacao03112014_091232961@cnova.com,123456,11748047
user_automacao03112014_091232742@cnova.com,123456,11748048
user_automacao03112014_091232617@cnova.com,123456,11748049
user_automacao03112014_091232617@cnova.com,123456,16150908
user_automacao03112014_091232477@cnova.com,123456,11748050
user_automacao03112014_091232477@cnova.com,123456,15614427
user_automacao03112014_091232321@cnova.com,123456,11748051
user_automacao03112014_091232321@cnova.com,123456,15614425
user_automacao03112014_091232181@cnova.com,123456,11748052
user_automacao03112014_091232181@cnova.com,123456,14033418
user_automacao03112014_091232181@cnova.com,123456,15551504
user_automacao03112014_091231931@cnova.com,123456,11748053
user_automacao03112014_091231931@cnova.com,123456,14655145
user_automacao03112014_091231931@cnova.com,123456,15135112
user_automacao03112014_091231791@cnova.com,123456,11748054
user_automacao03112014_091231619@cnova.com,123456,11748055
user_automacao03112014_091231619@cnova.com,123456,15951564
user_automacao03112014_091231479@cnova.com,123456,11748056
user_automacao03112014_091231323@cnova.com,123456,11748057
user_automacao03112014_091231026@cnova.com,123456,11748058
user_automacao03112014_091230901@cnova.com,123456,11748059
user_automacao03112014_091230901@cnova.com,123456,15642461
user_automacao03112014_091230714@cnova.com,123456,11748060
user_automacao03112014_091230714@cnova.com,123456,14033425
user_automacao03112014_091230714@cnova.com,123456,16391577
user_automacao03112014_091230542@cnova.com,123456,11748061
user_automacao03112014_091230433@cnova.com,123456,11748062
user_automacao03112014_091230433@cnova.com,123456,16150910
user_automacao03112014_091230308@cnova.com,123456,11748063
user_automacao03112014_091230121@cnova.com,123456,11748064
user_automacao03112014_091229996@cnova.com,123456,11748065
user_automacao03112014_091229996@cnova.com,123456,14787726
user_automacao03112014_091229996@cnova.com,123456,14830692
user_automacao03112014_091229996@cnova.com,123456,15239274
user_automacao03112014_091229996@cnova.com,123456,15938202
user_automacao03112014_091229840@cnova.com,123456,11748066
user_automacao03112014_091229653@cnova.com,123456,11748067
user_automacao03112014_091229482@cnova.com,123456,11748068
user_automacao03112014_091229372@cnova.com,123456,11748069
user_automacao03112014_091229372@cnova.com,123456,16718966
user_automacao03112014_091229185@cnova.com,123456,11748070
user_automacao03112014_091229185@cnova.com,123456,15642459
user_automacao03112014_091229076@cnova.com,123456,11748072
user_automacao03112014_091229076@cnova.com,123456,16119354
user_automacao03112014_091228889@cnova.com,123456,11748073
user_automacao03112014_091228748@cnova.com,123456,11748074
user_automacao03112014_091228592@cnova.com,123456,11748075
user_automacao03112014_091228436@cnova.com,123456,11748076
user_automacao03112014_091228327@cnova.com,123456,11748077
user_automacao03112014_091228327@cnova.com,123456,14787858
user_automacao03112014_091228156@cnova.com,123456,11748078
user_automacao03112014_091228156@cnova.com,123456,14909901
user_automacao03112014_091228156@cnova.com,123456,15674448
user_automacao03112014_091228156@cnova.com,123456,15778265
user_automacao03112014_091227984@cnova.com,123456,11748079
user_automacao03112014_091227797@cnova.com,123456,11748080
user_automacao03112014_091227656@cnova.com,123456,11748081
user_automacao03112014_091227656@cnova.com,123456,15831062
user_automacao03112014_091227500@cnova.com,123456,11748082
user_automacao03112014_091227500@cnova.com,123456,15614423
user_automacao03112014_091227376@cnova.com,123456,11748083
user_automacao03112014_091227376@cnova.com,123456,15951565
user_automacao03112014_091227110@cnova.com,123456,11748084
user_automacao03112014_091226923@cnova.com,123456,11748085
user_automacao03112014_091226720@cnova.com,123456,11748086
user_automacao03112014_091226720@cnova.com,123456,15411172
user_automacao03112014_091226720@cnova.com,123456,15642463
user_automacao03112014_091226518@cnova.com,123456,11748087
user_automacao03112014_091226159@cnova.com,123456,11748088
user_automacao03112014_091226159@cnova.com,123456,15541251
user_automacao03112014_091226159@cnova.com,123456,16119351
user_automacao03112014_091226003@cnova.com,123456,11748089
user_automacao03112014_091226003@cnova.com,123456,15409565
user_automacao03112014_091225878@cnova.com,123456,11748090
user_automacao03112014_091225597@cnova.com,123456,11748091
user_automacao03112014_091225410@cnova.com,123456,11748092
user_automacao03112014_091225160@cnova.com,123456,11748093
user_automacao03112014_091225160@cnova.com,123456,15245360
user_automacao03112014_091225160@cnova.com,123456,15938367
user_automacao03112014_091224989@cnova.com,123456,11748094
user_automacao03112014_091224989@cnova.com,123456,14615385
user_automacao03112014_091224989@cnova.com,123456,14988978
user_automacao03112014_091224880@cnova.com,123456,11748095
user_automacao03112014_091224708@cnova.com,123456,11748096
user_automacao03112014_091224708@cnova.com,123456,15379139
user_automacao03112014_091224474@cnova.com,123456,11748097
user_automacao03112014_091224474@cnova.com,123456,13900633
user_automacao03112014_091224318@cnova.com,123456,11748098
user_automacao03112014_091224318@cnova.com,123456,15278731
user_automacao03112014_091224084@cnova.com,123456,11748099
user_automacao03112014_091224084@cnova.com,123456,15194689
user_automacao03112014_091224084@cnova.com,123456,15245363
user_automacao03112014_091223944@cnova.com,123456,11748100
user_automacao03112014_091223944@cnova.com,123456,14431662
user_automacao03112014_091223944@cnova.com,123456,14931130
user_automacao03112014_091223944@cnova.com,123456,16150926
user_automacao03112014_091223772@cnova.com,123456,11748101
user_automacao03112014_091223772@cnova.com,123456,15143953
user_automacao03112014_091223320@cnova.com,123456,11748102
user_automacao03112014_091223320@cnova.com,123456,15551493
user_automacao03112014_091223023@cnova.com,123456,11748103
user_automacao03112014_091222898@cnova.com,123456,11748104
user_automacao03112014_091222742@cnova.com,123456,11748105
user_automacao03112014_091222508@cnova.com,123456,11748106
user_automacao03112014_091222508@cnova.com,123456,14251329
user_automacao03112014_091222337@cnova.com,123456,11748107
user_automacao03112014_091222165@cnova.com,123456,11748108
user_automacao03112014_091222025@cnova.com,123456,11748109
user_automacao03112014_091222025@cnova.com,123456,15046292
user_automacao03112014_091221806@cnova.com,123456,11748110
user_automacao03112014_091221604@cnova.com,123456,11748111
user_automacao03112014_091221448@cnova.com,123456,11748112
user_automacao03112014_091221448@cnova.com,123456,14988967
user_automacao03112014_091221323@cnova.com,123456,11748113
user_automacao03112014_091221323@cnova.com,123456,13942181
user_automacao03112014_091221323@cnova.com,123456,15080876
user_automacao03112014_091221323@cnova.com,123456,15278646
user_automacao03112014_091221104@cnova.com,123456,11748114
user_automacao03112014_091220964@cnova.com,123456,11748115
user_automacao03112014_091220964@cnova.com,123456,14173160
user_automacao03112014_091220777@cnova.com,123456,11748116
user_automacao03112014_091220652@cnova.com,123456,11748117
user_automacao03112014_091220496@cnova.com,123456,11748118
user_automacao03112014_091220356@cnova.com,123456,11748119
user_automacao03112014_091220356@cnova.com,123456,15272847
user_automacao03112014_091220356@cnova.com,123456,15937442
user_automacao03112014_091220356@cnova.com,123456,16197752
user_automacao03112014_091220246@cnova.com,123456,11748120
user_automacao03112014_091220246@cnova.com,123456,13941925
user_automacao03112014_091220246@cnova.com,123456,15278638
user_automacao03112014_091220246@cnova.com,123456,15886792
user_automacao03112014_091220075@cnova.com,123456,11748121
user_automacao03112014_091220075@cnova.com,123456,16718981
user_automacao03112014_091219919@cnova.com,123456,11748122
user_automacao03112014_091219685@cnova.com,123456,11748123
user_automacao03112014_091219685@cnova.com,123456,15975215
user_automacao03112014_091219498@cnova.com,123456,11748124
user_automacao03112014_091219295@cnova.com,123456,11748125
user_automacao03112014_091219295@cnova.com,123456,15541254
user_automacao03112014_091219295@cnova.com,123456,15740511
user_automacao03112014_091219108@cnova.com,123456,11748126
user_automacao03112014_091219108@cnova.com,123456,15135105
user_automacao03112014_091219108@cnova.com,123456,15799266
user_automacao03112014_091218920@cnova.com,123456,11748127
user_automacao03112014_091218749@cnova.com,123456,11748128
user_automacao03112014_091218749@cnova.com,123456,15799259
user_automacao03112014_091218530@cnova.com,123456,11748129
user_automacao03112014_091218530@cnova.com,123456,14250211
user_automacao03112014_091218328@cnova.com,123456,11748130
user_automacao03112014_091218328@cnova.com,123456,14787840
user_automacao03112014_091218156@cnova.com,123456,11748131
user_automacao03112014_091218156@cnova.com,123456,15239270
user_automacao03112014_091218156@cnova.com,123456,15541245
user_automacao03112014_091218156@cnova.com,123456,15740513
user_automacao03112014_091218156@cnova.com,123456,15799019
user_automacao03112014_091218031@cnova.com,123456,11748132
user_automacao03112014_091217860@cnova.com,123456,11748133
user_automacao03112014_091217860@cnova.com,123456,16465645
user_automacao03112014_091217407@cnova.com,123456,11748134
user_automacao03112014_091217267@cnova.com,123456,11748135
user_automacao03112014_091217267@cnova.com,123456,14322960
user_automacao03112014_091217126@cnova.com,123456,11748136
user_automacao03112014_091217002@cnova.com,123456,11748137
user_automacao03112014_091217002@cnova.com,123456,15778269
user_automacao03112014_091216814@cnova.com,123456,11748138
user_automacao03112014_091216814@cnova.com,123456,14974475
user_automacao03112014_091216814@cnova.com,123456,15908547
user_automacao03112014_091216705@cnova.com,123456,11748139
user_automacao03112014_091216487@cnova.com,123456,11748140
user_automacao03112014_091216487@cnova.com,123456,13956425
user_automacao03112014_091216362@cnova.com,123456,11748141
user_automacao03112014_091216362@cnova.com,123456,15409589
user_automacao03112014_091216362@cnova.com,123456,15409591
user_automacao03112014_091216362@cnova.com,123456,15787178
user_automacao03112014_091216237@cnova.com,123456,11748142
user_automacao03112014_091216237@cnova.com,123456,15135110
user_automacao03112014_091216237@cnova.com,123456,16422384
user_automacao03112014_091215956@cnova.com,123456,11748143
user_automacao03112014_091215956@cnova.com,123456,15787194
user_automacao03112014_091215785@cnova.com,123456,11748144
user_automacao03112014_091215364@cnova.com,123456,11748145
user_automacao03112014_091215192@cnova.com,123456,11748146
user_automacao03112014_091214973@cnova.com,123456,11748147
user_automacao03112014_091214849@cnova.com,123456,11748148
user_automacao03112014_091214646@cnova.com,123456,11748149
user_automacao03112014_091214318@cnova.com,123456,11748150
user_automacao03112014_091214318@cnova.com,123456,13532379
user_automacao03112014_091214318@cnova.com,123456,15541249
user_automacao03112014_091214006@cnova.com,123456,11748151
user_automacao03112014_091214006@cnova.com,123456,16206483
user_automacao03112014_091213866@cnova.com,123456,11748152
user_automacao03112014_091213725@cnova.com,123456,11748153
user_automacao03112014_091213725@cnova.com,123456,14251330
user_automacao03112014_091213538@cnova.com,123456,11748154
user_automacao03112014_091213538@cnova.com,123456,15614411
user_automacao03112014_091213538@cnova.com,123456,15831888
user_automacao03112014_091213413@cnova.com,123456,11748155
user_automacao03112014_091213413@cnova.com,123456,14177949
user_automacao03112014_091213273@cnova.com,123456,11748156
user_automacao03112014_091213273@cnova.com,123456,14655151
user_automacao03112014_091212821@cnova.com,123456,11748157
user_automacao03112014_091212384@cnova.com,123456,11748158
user_automacao03112014_091212243@cnova.com,123456,11748159
user_automacao03112014_091212243@cnova.com,123456,16150916
user_automacao03112014_091212134@cnova.com,123456,11748161
user_automacao03112014_091212134@cnova.com,123456,15873072
user_automacao03112014_091211853@cnova.com,123456,11748162
user_automacao03112014_091211853@cnova.com,123456,14931138
user_automacao03112014_091211853@cnova.com,123456,15135115
user_automacao03112014_091211853@cnova.com,123456,15674445
user_automacao03112014_091211744@cnova.com,123456,11748163
user_automacao03112014_091211744@cnova.com,123456,15239276
user_automacao03112014_091211526@cnova.com,123456,11748164
user_automacao03112014_091211385@cnova.com,123456,11748165
user_automacao03112014_091211276@cnova.com,123456,11748166
user_automacao03112014_091211276@cnova.com,123456,15938385
user_automacao03112014_091211276@cnova.com,123456,16181513
user_automacao03112014_091211151@cnova.com,123456,11748167
user_automacao03112014_091211151@cnova.com,123456,14251320
user_automacao03112014_091211027@cnova.com,123456,11748168
user_automacao03112014_091211027@cnova.com,123456,15080874
user_automacao03112014_091210746@cnova.com,123456,11748169
user_automacao03112014_091210621@cnova.com,123456,11748170
user_automacao03112014_091210496@cnova.com,123456,11748171
user_automacao03112014_091210496@cnova.com,123456,13329613
user_automacao03112014_091210496@cnova.com,123456,14830729
user_automacao03112014_091210496@cnova.com,123456,15245366
user_automacao03112014_091210356@cnova.com,123456,11748172
user_automacao03112014_091210356@cnova.com,123456,15409562
user_automacao03112014_091210356@cnova.com,123456,15759934
user_automacao03112014_091210356@cnova.com,123456,15908519
user_automacao03112014_091210169@cnova.com,123456,11748173
user_automacao03112014_091210169@cnova.com,123456,16208967
user_automacao03112014_091209997@cnova.com,123456,11748174
user_automacao03112014_091209997@cnova.com,123456,14948461
user_automacao03112014_091209763@cnova.com,123456,11748175
user_automacao03112014_091209576@cnova.com,123456,11748176
user_automacao03112014_091209576@cnova.com,123456,16165294
user_automacao03112014_091209404@cnova.com,123456,11748177
user_automacao03112014_091209404@cnova.com,123456,14218003
user_automacao03112014_091209404@cnova.com,123456,14830777
user_automacao03112014_091209404@cnova.com,123456,16477036
user_automacao03112014_091209186@cnova.com,123456,11748178
user_automacao03112014_091209186@cnova.com,123456,15674444
user_automacao03112014_091208889@cnova.com,123456,11748179
user_automacao03112014_091208702@cnova.com,123456,11748180
user_automacao03112014_091208702@cnova.com,123456,16165300
user_automacao03112014_091208546@cnova.com,123456,11748182
user_automacao03112014_091208546@cnova.com,123456,13824962
user_automacao03112014_091208546@cnova.com,123456,15614429
user_automacao03112014_091208546@cnova.com,123456,15831912
user_automacao03112014_091208546@cnova.com,123456,16181503
user_automacao03112014_091208312@cnova.com,123456,11748183
user_automacao03112014_091208141@cnova.com,123456,11748184
user_automacao03112014_091207938@cnova.com,123456,11748185
user_automacao03112014_091207719@cnova.com,123456,11748186
user_automacao03112014_091207719@cnova.com,123456,14726402
user_automacao03112014_091207719@cnova.com,123456,14931122
user_automacao03112014_091207517@cnova.com,123456,11748187
user_automacao03112014_091207376@cnova.com,123456,11748188
user_automacao03112014_091207376@cnova.com,123456,14830706
user_automacao03112014_091207376@cnova.com,123456,15479623
user_automacao03112014_091207236@cnova.com,123456,11748189
user_automacao03112014_091207236@cnova.com,123456,14988975
user_automacao03112014_091207111@cnova.com,123456,11748190
user_automacao03112014_091206986@cnova.com,123456,11748191
user_automacao03112014_091206986@cnova.com,123456,15608388
user_automacao03112014_091206986@cnova.com,123456,16150929
user_automacao03112014_091206737@cnova.com,123456,11748192
user_automacao03112014_091206737@cnova.com,123456,15272843
user_automacao03112014_091206518@cnova.com,123456,11748193
user_automacao03112014_091206362@cnova.com,123456,11748194
user_automacao03112014_091206206@cnova.com,123456,11748195
user_automacao03112014_091206206@cnova.com,123456,15831055
user_automacao03112014_091206050@cnova.com,123456,11748196
user_automacao03112014_091206050@cnova.com,123456,15411210
user_automacao03112014_091205894@cnova.com,123456,11748197
user_automacao03112014_091205894@cnova.com,123456,14177964
user_automacao03112014_091205894@cnova.com,123456,14655219
user_automacao03112014_091205707@cnova.com,123456,11748198
user_automacao03112014_091205707@cnova.com,123456,15194704
user_automacao03112014_091205442@cnova.com,123456,11748199
user_automacao03112014_091205442@cnova.com,123456,14615886
user_automacao03112014_091205239@cnova.com,123456,11748200
user_automacao03112014_091205239@cnova.com,123456,15272852
user_automacao03112014_091205099@cnova.com,123456,11748201
user_automacao03112014_091205099@cnova.com,123456,16609568
user_automacao03112014_091204833@cnova.com,123456,11748202
user_automacao03112014_091204833@cnova.com,123456,15674443
user_automacao03112014_091204833@cnova.com,123456,16165305
user_automacao03112014_091204631@cnova.com,123456,11748203
user_automacao03112014_091204631@cnova.com,123456,14787868
user_automacao03112014_091204459@cnova.com,123456,11748204
user_automacao03112014_091204459@cnova.com,123456,14351703
user_automacao03112014_091204459@cnova.com,123456,15272854
user_automacao03112014_091204303@cnova.com,123456,11748205
user_automacao03112014_091204303@cnova.com,123456,15975192
user_automacao03112014_091204178@cnova.com,123456,11748206
user_automacao03112014_091204178@cnova.com,123456,15379108
user_automacao03112014_091203960@cnova.com,123456,11748207
user_automacao03112014_091203960@cnova.com,123456,15873076
user_automacao03112014_091203773@cnova.com,123456,11748208
user_automacao03112014_091203663@cnova.com,123456,11748209
user_automacao03112014_091203663@cnova.com,123456,14221326
user_automacao03112014_091203663@cnova.com,123456,14250154
user_automacao03112014_091203663@cnova.com,123456,15614431
user_automacao03112014_091203663@cnova.com,123456,15938232
user_automacao03112014_091203539@cnova.com,123456,11748210
user_automacao03112014_091203539@cnova.com,123456,15740510
user_automacao03112014_091203539@cnova.com,123456,15938378
user_automacao03112014_091203367@cnova.com,123456,11748211
user_automacao03112014_091203367@cnova.com,123456,14251317
user_automacao03112014_091203195@cnova.com,123456,11748212
user_automacao03112014_091203195@cnova.com,123456,13532577
user_automacao03112014_091203055@cnova.com,123456,11748213
user_automacao03112014_091202883@cnova.com,123456,11748214
user_automacao03112014_091202883@cnova.com,123456,15584679
user_automacao03112014_091202712@cnova.com,123456,11748215
user_automacao03112014_091202712@cnova.com,123456,13240723
user_automacao03112014_091202603@cnova.com,123456,11748216
user_automacao03112014_091202415@cnova.com,123456,11748217
user_automacao03112014_091202415@cnova.com,123456,15409695
user_automacao03112014_091202415@cnova.com,123456,15908526
user_automacao03112014_091202275@cnova.com,123456,11748218
user_automacao03112014_091201932@cnova.com,123456,11748219
user_automacao03112014_091201667@cnova.com,123456,11748220
user_automacao03112014_091201667@cnova.com,123456,14251324
user_automacao03112014_091201495@cnova.com,123456,11748221
user_automacao03112014_091201386@cnova.com,123456,11748222
user_automacao03112014_091201386@cnova.com,123456,15309205
user_automacao03112014_091201105@cnova.com,123456,11748223
user_automacao03112014_091201105@cnova.com,123456,13532662
user_automacao03112014_091200980@cnova.com,123456,11748224
user_automacao03112014_091200980@cnova.com,123456,16609571
user_automacao03112014_091200855@cnova.com,123456,11748225
user_automacao03112014_091200731@cnova.com,123456,11748226
user_automacao03112014_091200731@cnova.com,123456,15831895
user_automacao03112014_091200559@cnova.com,123456,11748227
user_automacao03112014_091200559@cnova.com,123456,15080880
user_automacao03112014_091200403@cnova.com,123456,11748228
user_automacao03112014_091200403@cnova.com,123456,14931160
user_automacao03112014_091200403@cnova.com,123456,15410268
user_automacao03112014_091200278@cnova.com,123456,11748229
user_automacao03112014_091200122@cnova.com,123456,11748230
user_automacao03112014_091200122@cnova.com,123456,15799014
user_automacao03112014_091159904@cnova.com,123456,11748231
user_automacao03112014_091159748@cnova.com,123456,11748232
user_automacao03112014_091159748@cnova.com,123456,15674446
user_automacao03112014_091159576@cnova.com,123456,11748233
user_automacao03112014_091159576@cnova.com,123456,14124679
user_automacao03112014_091159576@cnova.com,123456,15551496
user_automacao03112014_091159358@cnova.com,123456,11748234
user_automacao03112014_091159358@cnova.com,123456,14173202
user_automacao03112014_091159358@cnova.com,123456,14615868
user_automacao03112014_091159358@cnova.com,123456,15831891
user_automacao03112014_091159358@cnova.com,123456,15908530
user_automacao03112014_091159248@cnova.com,123456,11748235
user_automacao03112014_091159248@cnova.com,123456,14615413
user_automacao03112014_091159248@cnova.com,123456,14830699
user_automacao03112014_091159248@cnova.com,123456,15409587
user_automacao03112014_091159248@cnova.com,123456,15479619
user_automacao03112014_091159248@cnova.com,123456,15608386
user_automacao03112014_091159248@cnova.com,123456,16150920
user_automacao03112014_091159046@cnova.com,123456,11748236
user_automacao03112014_091159046@cnova.com,123456,15143755
user_automacao03112014_091159046@cnova.com,123456,15194694
user_automacao03112014_091159046@cnova.com,123456,15245368
user_automacao03112014_091159046@cnova.com,123456,15938226
user_automacao03112014_091159046@cnova.com,123456,16713177
user_automacao03112014_091158921@cnova.com,123456,11748237
user_automacao03112014_091158921@cnova.com,123456,16956763
user_automacao03112014_091158780@cnova.com,123456,11748238
user_automacao03112014_091158609@cnova.com,123456,11748239
user_automacao03112014_091158609@cnova.com,123456,15614413
user_automacao03112014_091158453@cnova.com,123456,11748240
user_automacao03112014_091158453@cnova.com,123456,16532971
user_automacao03112014_091158328@cnova.com,123456,11748241
user_automacao03112014_091158328@cnova.com,123456,13532967
user_automacao03112014_091158328@cnova.com,123456,15551499
user_automacao03112014_091158328@cnova.com,123456,16797406
user_automacao03112014_091158141@cnova.com,123456,11748242
user_automacao03112014_091158141@cnova.com,123456,15309195
user_automacao03112014_091158141@cnova.com,123456,15951562
user_automacao03112014_091157969@cnova.com,123456,11748243
user_automacao03112014_091157860@cnova.com,123456,11748244
user_automacao03112014_091157860@cnova.com,123456,14948348
user_automacao03112014_091157860@cnova.com,123456,15799000
user_automacao03112014_091157673@cnova.com,123456,11748245
user_automacao03112014_091157532@cnova.com,123456,11748246
user_automacao03112014_091157252@cnova.com,123456,11748247
user_automacao03112014_091157080@cnova.com,123456,11748248
user_automacao03112014_091157080@cnova.com,123456,15164535
user_automacao03112014_091156877@cnova.com,123456,11748249
user_automacao03112014_091156721@cnova.com,123456,11748250
user_automacao03112014_091156721@cnova.com,123456,15194699
user_automacao03112014_091156456@cnova.com,123456,11748251
user_automacao03112014_091156456@cnova.com,123456,14033421
user_automacao03112014_091156456@cnova.com,123456,15799009
user_automacao03112014_091156253@cnova.com,123456,11748252
user_automacao03112014_091156113@cnova.com,123456,11748253
user_automacao03112014_091156113@cnova.com,123456,15143764
user_automacao03112014_091156113@cnova.com,123456,15164549
user_automacao03112014_091155988@cnova.com,123456,11748254
user_automacao03112014_091155988@cnova.com,123456,14787709
user_automacao03112014_091155988@cnova.com,123456,15908537
user_automacao03112014_091155988@cnova.com,123456,16181555
user_automacao03112014_091155988@cnova.com,123456,16651076
user_automacao03112014_091155988@cnova.com,123456,16956762
user_automacao03112014_091155770@cnova.com,123456,11748256
user_automacao03112014_091155770@cnova.com,123456,15674460
user_automacao03112014_091155770@cnova.com,123456,15951560
user_automacao03112014_091155770@cnova.com,123456,16181511
user_automacao03112014_091155770@cnova.com,123456,16181539
user_automacao03112014_091155395@cnova.com,123456,11748257
user_automacao03112014_091155395@cnova.com,123456,15787181
user_automacao03112014_091155052@cnova.com,123456,11748258
user_automacao03112014_091154849@cnova.com,123456,11748260
user_automacao03112014_091154849@cnova.com,123456,16604546
user_automacao03112014_091154662@cnova.com,123456,11748261
user_automacao03112014_091154537@cnova.com,123456,11748262
user_automacao03112014_091154537@cnova.com,123456,15799281
user_automacao03112014_091154537@cnova.com,123456,15908540
user_automacao03112014_091154412@cnova.com,123456,11748263
user_automacao03112014_091154412@cnova.com,123456,16197757
user_automacao03112014_091154272@cnova.com,123456,11748264
user_automacao03112014_091154272@cnova.com,123456,15541253
user_automacao03112014_091154116@cnova.com,123456,11748265
user_automacao03112014_091154116@cnova.com,123456,13264893
user_automacao03112014_091154116@cnova.com,123456,14830720
user_automacao03112014_091153976@cnova.com,123456,11748266
user_automacao03112014_091153976@cnova.com,123456,15272840
user_automacao03112014_091153851@cnova.com,123456,11748267
user_automacao03112014_091153851@cnova.com,123456,15080869
user_automacao03112014_091153632@cnova.com,123456,11748268
user_automacao03112014_091153461@cnova.com,123456,11748269
user_automacao03112014_091153461@cnova.com,123456,16119358
user_automacao03112014_091153102@cnova.com,123456,11748270
user_automacao03112014_091153102@cnova.com,123456,15272855
user_automacao03112014_091152962@cnova.com,123456,11748271
user_automacao03112014_091152962@cnova.com,123456,15642467
user_automacao03112014_091152837@cnova.com,123456,11748272
user_automacao03112014_091152712@cnova.com,123456,11748273
user_automacao03112014_091152572@cnova.com,123456,11748274
user_automacao03112014_091152572@cnova.com,123456,15239281
user_automacao03112014_091152572@cnova.com,123456,15278713
user_automacao03112014_091152400@cnova.com,123456,11748275
user_automacao03112014_091152228@cnova.com,123456,11748276
user_automacao03112014_091152228@cnova.com,123456,14275063
user_automacao03112014_091152228@cnova.com,123456,14948351
user_automacao03112014_091152072@cnova.com,123456,11748277
user_automacao03112014_091151963@cnova.com,123456,11748278
user_automacao03112014_091151963@cnova.com,123456,15479621
user_automacao03112014_091151963@cnova.com,123456,15813652
user_automacao03112014_091151792@cnova.com,123456,11748279
user_automacao03112014_091151792@cnova.com,123456,15975221
user_automacao03112014_091151651@cnova.com,123456,11748280
user_automacao03112014_091151651@cnova.com,123456,16181508
user_automacao03112014_091151542@cnova.com,123456,11748281
user_automacao03112014_091151542@cnova.com,123456,13532286
user_automacao03112014_091151386@cnova.com,123456,11748282
user_automacao03112014_091151230@cnova.com,123456,11748283
user_automacao03112014_091151230@cnova.com,123456,13532826
user_automacao03112014_091151230@cnova.com,123456,14615899
user_automacao03112014_091151090@cnova.com,123456,11748284
user_automacao03112014_091151090@cnova.com,123456,14674105
user_automacao03112014_091151090@cnova.com,123456,16150912
user_automacao03112014_091150934@cnova.com,123456,11748285
user_automacao03112014_091150934@cnova.com,123456,15080878
user_automacao03112014_091150778@cnova.com,123456,11748286
user_automacao03112014_091150778@cnova.com,123456,15046304
user_automacao03112014_091150668@cnova.com,123456,11748287
user_automacao03112014_091150544@cnova.com,123456,11748288
user_automacao03112014_091150544@cnova.com,123456,14931147
user_automacao03112014_091150544@cnova.com,123456,14988972
user_automacao03112014_091150544@cnova.com,123456,15143972
user_automacao03112014_091150544@cnova.com,123456,15938352
user_automacao03112014_091150372@cnova.com,123456,11748290
user_automacao03112014_091150216@cnova.com,123456,11748291
user_automacao03112014_091150216@cnova.com,123456,14173194
user_automacao03112014_091150216@cnova.com,123456,14177935
user_automacao03112014_091150044@cnova.com,123456,11748292
user_automacao03112014_091150044@cnova.com,123456,16165295
user_automacao03112014_091149888@cnova.com,123456,11748293
user_automacao03112014_091149748@cnova.com,123456,11748294
user_automacao03112014_091149639@cnova.com,123456,11748295
user_automacao03112014_091149436@cnova.com,123456,11748296
user_automacao03112014_091149280@cnova.com,123456,11748297
user_automacao03112014_091149280@cnova.com,123456,16421780
user_automacao03112014_091149140@cnova.com,123456,11748298
user_automacao03112014_091149030@cnova.com,123456,11748300
user_automacao03112014_091149030@cnova.com,123456,15239272
user_automacao03112014_091149030@cnova.com,123456,16566393
user_automacao03112014_091148906@cnova.com,123456,11748301
user_automacao03112014_091148906@cnova.com,123456,13941706
user_automacao03112014_091148906@cnova.com,123456,15584673
user_automacao03112014_091148734@cnova.com,123456,11748302
user_automacao03112014_091148593@cnova.com,123456,11748303
user_automacao03112014_091148437@cnova.com,123456,11748304
user_automacao03112014_091148437@cnova.com,123456,15143963
user_automacao03112014_091148235@cnova.com,123456,11748305
user_automacao03112014_091148063@cnova.com,123456,11748306
user_automacao03112014_091148063@cnova.com,123456,13329824
user_automacao03112014_091148063@cnova.com,123456,16653182
user_automacao03112014_091147876@cnova.com,123456,11748307
user_automacao03112014_091147876@cnova.com,123456,14177924
user_automacao03112014_091147735@cnova.com,123456,11748308
user_automacao03112014_091147735@cnova.com,123456,15608387
user_automacao03112014_091147611@cnova.com,123456,11748309
user_automacao03112014_091147377@cnova.com,123456,11748310
user_automacao03112014_091147377@cnova.com,123456,14250142
user_automacao03112014_091147377@cnova.com,123456,14988969
user_automacao03112014_091147236@cnova.com,123456,11748311
user_automacao03112014_091147236@cnova.com,123456,15937472
user_automacao03112014_091147143@cnova.com,123456,11748312
user_automacao03112014_091147143@cnova.com,123456,13329689
user_automacao03112014_091147143@cnova.com,123456,14033414
user_automacao03112014_091147002@cnova.com,123456,11748313
user_automacao03112014_091146877@cnova.com,123456,11748314
user_automacao03112014_091146877@cnova.com,123456,15278693
user_automacao03112014_091146877@cnova.com,123456,15278738
user_automacao03112014_091146877@cnova.com,123456,16119361
user_automacao03112014_091146737@cnova.com,123456,11748315
user_automacao03112014_091146300@cnova.com,123456,11748316
user_automacao03112014_091146300@cnova.com,123456,16990054
user_automacao03112014_091146175@cnova.com,123456,11748317
user_automacao03112014_091145941@cnova.com,123456,11748318
user_automacao03112014_091145770@cnova.com,123456,11748319
user_automacao03112014_091145770@cnova.com,123456,15584681
user_automacao03112014_091145661@cnova.com,123456,11748320
user_automacao03112014_091145661@cnova.com,123456,15135116
user_automacao03112014_091145536@cnova.com,123456,11748321
user_automacao03112014_091145536@cnova.com,123456,15759932
user_automacao03112014_091145364@cnova.com,123456,11748322
user_automacao03112014_091145364@cnova.com,123456,15674455
user_automacao03112014_091145364@cnova.com,123456,15975230
user_automacao03112014_091145239@cnova.com,123456,11748323
user_automacao03112014_091145239@cnova.com,123456,13532730
user_automacao03112014_091145052@cnova.com,123456,11748324
user_automacao03112014_091144912@cnova.com,123456,11748325
user_automacao03112014_091144912@cnova.com,123456,14615431
user_automacao03112014_091144912@cnova.com,123456,15370251
user_automacao03112014_091144756@cnova.com,123456,11748326
user_automacao03112014_091144631@cnova.com,123456,11748327
user_automacao03112014_091144381@cnova.com,123456,11748328
user_automacao03112014_091144194@cnova.com,123456,11748329
user_automacao03112014_091144101@cnova.com,123456,11748330
user_automacao03112014_091144101@cnova.com,123456,15379105
user_automacao03112014_091143976@cnova.com,123456,11748331
user_automacao03112014_091143976@cnova.com,123456,15410284
user_automacao03112014_091143851@cnova.com,123456,11748332
user_automacao03112014_091143695@cnova.com,123456,11748333
user_automacao03112014_091143695@cnova.com,123456,15309191
user_automacao03112014_091143523@cnova.com,123456,11748334
user_automacao03112014_091143523@cnova.com,123456,15245370
user_automacao03112014_091143523@cnova.com,123456,15951559
user_automacao03112014_091143523@cnova.com,123456,16486719
user_automacao03112014_091143383@cnova.com,123456,11748335
user_automacao03112014_091143383@cnova.com,123456,15278706
user_automacao03112014_091143383@cnova.com,123456,15479618
user_automacao03112014_091143383@cnova.com,123456,16165293
user_automacao03112014_091143274@cnova.com,123456,11748337
user_automacao03112014_091143274@cnova.com,123456,14974380
user_automacao03112014_091143071@cnova.com,123456,11748338
user_automacao03112014_091143071@cnova.com,123456,14177898
user_automacao03112014_091142915@cnova.com,123456,11748339
user_automacao03112014_091142775@cnova.com,123456,11748340
user_automacao03112014_091142572@cnova.com,123456,11748341
user_automacao03112014_091142431@cnova.com,123456,11748342
user_automacao03112014_091142431@cnova.com,123456,14120375
user_automacao03112014_091142431@cnova.com,123456,14435980
user_automacao03112014_091142431@cnova.com,123456,14782137
user_automacao03112014_091142338@cnova.com,123456,11748343
user_automacao03112014_091142135@cnova.com,123456,11748344
user_automacao03112014_091142135@cnova.com,123456,14033413
user_automacao03112014_091142135@cnova.com,123456,16197596
user_automacao03112014_091141948@cnova.com,123456,11748345
user_automacao03112014_091141948@cnova.com,123456,14120403
user_automacao03112014_091141948@cnova.com,123456,14435982
user_automacao03112014_091141761@cnova.com,123456,11748346
user_automacao03112014_091141761@cnova.com,123456,14328728
user_automacao03112014_091141589@cnova.com,123456,11748347
user_automacao03112014_091141589@cnova.com,123456,14295720
user_automacao03112014_091141339@cnova.com,123456,11748348
user_automacao03112014_091141339@cnova.com,123456,14798143
user_automacao03112014_091141339@cnova.com,123456,16037760
user_automacao03112014_091141199@cnova.com,123456,11748350
user_automacao03112014_091141199@cnova.com,123456,14033318
user_automacao03112014_091141059@cnova.com,123456,11748351
user_automacao03112014_091140918@cnova.com,123456,11748352
user_automacao03112014_091140918@cnova.com,123456,15409758
user_automacao03112014_091140778@cnova.com,123456,11748353
user_automacao03112014_091140778@cnova.com,123456,14782592
user_automacao03112014_091140653@cnova.com,123456,11748354
user_automacao03112014_091140653@cnova.com,123456,14033350
user_automacao03112014_091140653@cnova.com,123456,14782080
user_automacao03112014_091140653@cnova.com,123456,15833844
user_automacao03112014_091140528@cnova.com,123456,11748355
user_automacao03112014_091140528@cnova.com,123456,14322777
user_automacao03112014_091140528@cnova.com,123456,14433790
user_automacao03112014_091140403@cnova.com,123456,11748356
user_automacao03112014_091140403@cnova.com,123456,14080332
user_automacao03112014_091140403@cnova.com,123456,14094860
user_automacao03112014_091140403@cnova.com,123456,14358158
user_automacao03112014_091140403@cnova.com,123456,15172314
user_automacao03112014_091140403@cnova.com,123456,16655391
user_automacao03112014_091140263@cnova.com,123456,11748357
user_automacao03112014_091140263@cnova.com,123456,14434461
user_automacao03112014_091140138@cnova.com,123456,11748358
user_automacao03112014_091139998@cnova.com,123456,11748359
user_automacao03112014_091139998@cnova.com,123456,15164543
user_automacao03112014_091139873@cnova.com,123456,11748360
user_automacao03112014_091139873@cnova.com,123456,16209311
user_automacao03112014_091139717@cnova.com,123456,11748361
user_automacao03112014_091139717@cnova.com,123456,14322783
user_automacao03112014_091139717@cnova.com,123456,15787176
user_automacao03112014_091139592@cnova.com,123456,11748362
user_automacao03112014_091139592@cnova.com,123456,14124659
user_automacao03112014_091139592@cnova.com,123456,14211843
user_automacao03112014_091139467@cnova.com,123456,11748363
user_automacao03112014_091139467@cnova.com,123456,14331620
user_automacao03112014_091139343@cnova.com,123456,11748364
user_automacao03112014_091139343@cnova.com,123456,14667107
user_automacao03112014_091139233@cnova.com,123456,11748365
user_automacao03112014_091139031@cnova.com,123456,11748366
user_automacao03112014_091139031@cnova.com,123456,15937268
user_automacao03112014_091138890@cnova.com,123456,11748367
user_automacao03112014_091138890@cnova.com,123456,14358172
user_automacao03112014_091138890@cnova.com,123456,14910758
user_automacao03112014_091138765@cnova.com,123456,11748368
user_automacao03112014_091138609@cnova.com,123456,11748369
user_automacao03112014_091138609@cnova.com,123456,14221234
user_automacao03112014_091138609@cnova.com,123456,16395808
user_automacao03112014_091138485@cnova.com,123456,11748370
user_automacao03112014_091138485@cnova.com,123456,14782123
user_automacao03112014_091138360@cnova.com,123456,11748371
user_automacao03112014_091138360@cnova.com,123456,14291158
user_automacao03112014_091138360@cnova.com,123456,14674072
user_automacao03112014_091138360@cnova.com,123456,14948426
user_automacao03112014_091138204@cnova.com,123456,11748372
user_automacao03112014_091138204@cnova.com,123456,14948496
user_automacao03112014_091138048@cnova.com,123456,11748373
user_automacao03112014_091137938@cnova.com,123456,11748374
user_automacao03112014_091137938@cnova.com,123456,14033333
user_automacao03112014_091137938@cnova.com,123456,15813648
user_automacao03112014_091137938@cnova.com,123456,16181550
user_automacao03112014_091137829@cnova.com,123456,11748375
user_automacao03112014_091137642@cnova.com,123456,11748376
user_automacao03112014_091137517@cnova.com,123456,11748377
user_automacao03112014_091137392@cnova.com,123456,11748378
user_automacao03112014_091137236@cnova.com,123456,11748379
user_automacao03112014_091137112@cnova.com,123456,11748380
user_automacao03112014_091137112@cnova.com,123456,14782635
user_automacao03112014_091136971@cnova.com,123456,11748381
user_automacao03112014_091136846@cnova.com,123456,11748382
user_automacao03112014_091136846@cnova.com,123456,14616187
user_automacao03112014_091136722@cnova.com,123456,11748384
user_automacao03112014_091136722@cnova.com,123456,13980400
user_automacao03112014_091136597@cnova.com,123456,11748385
user_automacao03112014_091136597@cnova.com,123456,14033423
user_automacao03112014_091136441@cnova.com,123456,11748386
user_automacao03112014_091136316@cnova.com,123456,11748387
user_automacao03112014_091136207@cnova.com,123456,11748388
user_automacao03112014_091136207@cnova.com,123456,15937414
user_automacao03112014_091136051@cnova.com,123456,11748389
user_automacao03112014_091136051@cnova.com,123456,14165493
user_automacao03112014_091135910@cnova.com,123456,11748390
user_automacao03112014_091135754@cnova.com,123456,11748391
user_automacao03112014_091135754@cnova.com,123456,14781982
user_automacao03112014_091135614@cnova.com,123456,11748392
user_automacao03112014_091135614@cnova.com,123456,14215914
user_automacao03112014_091135489@cnova.com,123456,11748393
user_automacao03112014_091135286@cnova.com,123456,11748394
user_automacao03112014_091135115@cnova.com,123456,11748395
user_automacao03112014_091135021@cnova.com,123456,11748396
user_automacao03112014_091134865@cnova.com,123456,11748397
user_automacao03112014_091134694@cnova.com,123456,11748398
user_automacao03112014_091134584@cnova.com,123456,11748399
user_automacao03112014_091134584@cnova.com,123456,14331640
user_automacao03112014_091134584@cnova.com,123456,14351815
user_automacao03112014_091134584@cnova.com,123456,16208490
user_automacao03112014_091134475@cnova.com,123456,11748400
user_automacao03112014_091134272@cnova.com,123456,11748401
user_automacao03112014_091134272@cnova.com,123456,14033419
user_automacao03112014_091134163@cnova.com,123456,11748402
user_automacao03112014_091134163@cnova.com,123456,14221222
user_automacao03112014_091134163@cnova.com,123456,14351685
user_automacao03112014_091134163@cnova.com,123456,14667098
user_automacao03112014_091134163@cnova.com,123456,15778223
user_automacao03112014_091134007@cnova.com,123456,11748403
user_automacao03112014_091134007@cnova.com,123456,15951557
user_automacao03112014_091133789@cnova.com,123456,11748404
user_automacao03112014_091133680@cnova.com,123456,11748405
user_automacao03112014_091133524@cnova.com,123456,11748406
user_automacao03112014_091133399@cnova.com,123456,11748407
user_automacao03112014_091133399@cnova.com,123456,14295729
user_automacao03112014_091133274@cnova.com,123456,11748408
user_automacao03112014_091133274@cnova.com,123456,14431599
user_automacao03112014_091133274@cnova.com,123456,15833848
user_automacao03112014_091133118@cnova.com,123456,11748409
user_automacao03112014_091132978@cnova.com,123456,11748410
user_automacao03112014_091132978@cnova.com,123456,14351680
user_automacao03112014_091132837@cnova.com,123456,11748411
user_automacao03112014_091132837@cnova.com,123456,14094875
user_automacao03112014_091132697@cnova.com,123456,11748412
user_automacao03112014_091132697@cnova.com,123456,16208495
user_automacao03112014_091132572@cnova.com,123456,11748413
user_automacao03112014_091132447@cnova.com,123456,11748414
user_automacao03112014_091132338@cnova.com,123456,11748415
user_automacao03112014_091132338@cnova.com,123456,16208377
user_automacao03112014_091132229@cnova.com,123456,11748416
user_automacao03112014_091132229@cnova.com,123456,14782091
user_automacao03112014_091132104@cnova.com,123456,11748417
user_automacao03112014_091132104@cnova.com,123456,14583292
user_automacao03112014_091132010@cnova.com,123456,11748420
user_automacao03112014_091131886@cnova.com,123456,11748421
user_automacao03112014_091131761@cnova.com,123456,11748422
user_automacao03112014_091131636@cnova.com,123456,11748423
user_automacao03112014_091131636@cnova.com,123456,14358721
user_automacao03112014_091131636@cnova.com,123456,16085495
user_automacao03112014_091131480@cnova.com,123456,11748424
user_automacao03112014_091131371@cnova.com,123456,11748426
user_automacao03112014_091131371@cnova.com,123456,15831035
user_automacao03112014_091131230@cnova.com,123456,11748427
user_automacao03112014_091131074@cnova.com,123456,11748428
user_automacao03112014_091131074@cnova.com,123456,16181549
user_automacao03112014_091130934@cnova.com,123456,11748429
user_automacao03112014_091130934@cnova.com,123456,14433759
user_automacao03112014_091130794@cnova.com,123456,11748430
user_automacao03112014_091130669@cnova.com,123456,11748431
user_automacao03112014_091130669@cnova.com,123456,14291131
user_automacao03112014_091130669@cnova.com,123456,14616253
user_automacao03112014_091130528@cnova.com,123456,11748432
user_automacao03112014_091130404@cnova.com,123456,11748433
user_automacao03112014_091130404@cnova.com,123456,14078555
user_automacao03112014_091130404@cnova.com,123456,14083373
user_automacao03112014_091130404@cnova.com,123456,15833840
user_automacao03112014_091130279@cnova.com,123456,11748435
user_automacao03112014_091130279@cnova.com,123456,14583300
user_automacao03112014_091130138@cnova.com,123456,11748436
user_automacao03112014_091129982@cnova.com,123456,11748437